"index","type","start","end","text"
"0","cue","00:00:06,006","00:00:09,759","<i>-[pop music playing]</i>
<span style=""style2"">-♪ In the moment, hear me roar ♪</i>"
"1","cue","00:00:09,843","00:00:11,845","<i>[chattering]</i>"
"2","cue","00:00:13,430","00:00:15,890","<i>-[Tiffany] Was that trendy?</i>
<i>-You had Chelsea pissed off.</i>"
"3","cue","00:00:15,974","00:00:17,934","{\an8}<i>-When I tell you this, girl--</i>
<i>-Really?</i>"
"4","cue","00:00:18,018","00:00:21,146","{\an8}<i>Girl… Yeah, you had Chelsea</i>
<i>feeling some type of way.</i>"
"5","cue","00:00:21,229","00:00:22,731","{\an8}<i>So, what was she saying?</i>"
"6","cue","00:00:23,231","00:00:25,650","{\an8}<i>She just didn't like how long</i>
<i>you were having a conversation.</i>"
"7","cue","00:00:25,734","00:00:28,570","<i>So I would not be surprised</i>
<i>if she's handling that right now.</i>"
"8","cue","00:00:28,653","00:00:31,281","<i>I do get it, 'cause that would make me</i>
<i>probably feel uncomfortable,</i>"
"9","cue","00:00:31,364","00:00:33,950","<i>but at the same time,</i>
<i>it's nothing to do with you, really.</i>"
"10","cue","00:00:34,034","00:00:35,660","{\an8}<i>-But go for it.</i>
<i>-Yeah.</i>"
"11","cue","00:00:35,744","00:00:37,370","{\an8}<i>[Jackelina] I love Chelsea and everything,</i>"
"12","cue","00:00:37,454","00:00:40,832","<i>but I'm pretty sure Micah</i>
<i>doesn't want your man.</i>"
"13","cue","00:00:41,416","00:00:44,169","<i>Because if she wanted him,</i>
<i>she would have him, shorty.</i>"
"14","cue","00:00:44,252","00:00:46,504","<i>[chuckles] Yeah, no. I mean, I agree.</i>"
"15","cue","00:00:49,215","00:00:50,925","<i>Irina hates her man. I know it.</i>"
"16","cue","00:00:52,802","00:00:57,015","<i>-I feel like he's on a different planet.</i>
<i>-You know, Bliss dodged a bullet.</i>"
"17","cue","00:00:57,098","00:00:59,142","<i>-I feel like that too.</i>
<i>-[Tiffany] Yeah, yeah.</i>"
"18","cue","00:01:00,894","00:01:03,813","<i>[Jackelina] I wouldn't hire him</i>
<i>as my lawyer. Mm.</i>"
"19","cue","00:01:03,897","00:01:05,190","<i>Guilty!</i>"
"20","cue","00:01:05,273","00:01:07,484","<i>[chuckles] Immediately prison.</i>"
"21","cue","00:01:07,567","00:01:09,611","<i>[laughing]</i>"
"22","cue","00:01:11,029","00:01:13,990","<i>I don't know much. I didn't get</i>
<i>enough time to talk with Kwame.</i>"
"23","cue","00:01:14,074","00:01:15,241","{\an8}<i>-Yeah.</i>
<i>-But Kwame seemed--</i>"
"24","cue","00:01:15,325","00:01:18,036","{\an8}<i>Is he here tonight?</i>
<i>I don't think he's here tonight.</i>"
"25","cue","00:01:18,119","00:01:21,998","{\an8}<i>I feel like Kwame would--</i>
<i>that'll be a little bit more, like…</i>"
"26","cue","00:01:22,082","00:01:23,124","<i>Kind of a wildcard.</i>"
"27","cue","00:01:23,208","00:01:25,251","<i>Yeah. And how are things going</i>
<i>with you guys?</i>"
"28","cue","00:01:25,335","00:01:28,296","<i>Like, food, like, clothing,</i>
<i>like, placement of items,</i>"
"29","cue","00:01:28,379","00:01:30,340","<i>like, she's extremely particular.</i>"
"30","cue","00:01:30,423","00:01:31,800","<i>-Interesting.</i>
<i>-And I'm not.</i>"
"31","cue","00:01:31,883","00:01:34,385","<i>With Irina, I really think</i>
<i>she's a good human.</i>"
"32","cue","00:01:34,469","00:01:37,347","<i>-[Paul] Yeah.</i>
<i>-[Zack] I think she does a lot of things</i>"
"33","cue","00:01:37,430","00:01:41,601","<i>she doesn't realize are,</i>
<i>like, kind of fucked up.</i>"
"34","cue","00:01:41,684","00:01:44,562","<i>-Really? Yep.</i>
<i>-She gets super affectionate with me.</i>"
"35","cue","00:01:44,646","00:01:47,565","<i>-And we get to the party earlier today…</i>
<i>-Yeah.</i>"
"36","cue","00:01:48,274","00:01:51,736","<i>…and she's, like, super distant.</i>
<i>She's all weird about me kissing her.</i>"
"37","cue","00:01:51,820","00:01:53,404","<i>-We'd already kissed before then.</i>
<i>-Huh.</i>"
"38","cue","00:01:53,488","00:01:56,491","<i>[Zack] And then we come back,</i>
<i>she's, like, super affectionate.</i>"
"39","cue","00:01:56,574","00:01:58,118","<i>And it's like, ""What's going on?""</i>"
"40","cue","00:01:58,201","00:01:59,327","<i>-Right. Right.</i>
<i>-You know?</i>"
"41","cue","00:01:59,410","00:02:02,539","<i>-What's with the sort of fluctuations?</i>
<i>-Fuck if I know, dude.</i>"
"42","cue","00:02:03,123","00:02:05,667","<i>Like, I know that I love her,</i>"
"43","cue","00:02:05,750","00:02:08,962","<i>and I know that I could actually</i>
<i>see myself marrying her.</i>"
"44","cue","00:02:09,045","00:02:09,879","<i>[Paul] Yeah.</i>"
"45","cue","00:02:09,963","00:02:12,549","<i>But that's only if she's willing to,</i>
<i>like, put in the effort.</i>"
"46","cue","00:02:12,632","00:02:14,259","<i>I haven't seen that.</i>"
"47","cue","00:02:16,845","00:02:20,765","{\an8}<i>Marshall got me to see.</i>
<i>He's the one who planted the seed.</i>"
"48","cue","00:02:21,266","00:02:23,852","<i>-With this beautiful woman right here.</i>
<i>-Aww.</i>"
"49","cue","00:02:23,935","00:02:26,771","{\an8}<i>He came out of the pod on a date,</i>
<i>was like, ""Yo, look.""</i>"
"50","cue","00:02:26,855","00:02:29,691","<i>No, no, you came out of the pod,</i>
<i>and he gave me a wink.</i>"
"51","cue","00:02:30,316","00:02:31,776","<i>-I was like, ""What's that mean?""</i>
<i>-Ooh!</i>"
"52","cue","00:02:31,860","00:02:34,279","<i>I came up to him and was like,</i>
<i>""Yo, what was that wink about?""</i>"
"53","cue","00:02:34,362","00:02:36,114","<i>He's like, ""Yo, listen. I think Tiffany--""</i>"
"54","cue","00:02:36,197","00:02:38,783","<i>-That's a grown-ass woman.</i>
<i>-""The age thing, we're miles apart.""</i>"
"55","cue","00:02:38,867","00:02:41,369","<i>""So, it ain't gonna work.</i>
<i>But listen, she a great girl.""</i>"
"56","cue","00:02:41,452","00:02:43,997","<i>-""You should pay attention to her.""</i>
<i>-She's a great woman.</i>"
"57","cue","00:02:44,080","00:02:46,082","<i>-My next date was with Tiffany.</i>
<i>-And here we are.</i>"
"58","cue","00:02:46,166","00:02:48,042","<i>-Hey!</i>
<i>-[laughing]</i>"
"59","cue","00:02:48,126","00:02:50,170","<i>[chattering]</i>"
"60","cue","00:02:51,504","00:02:53,756","<i>See my cool nose trick?</i>
<i>Did I ever show you? Wanna see it?</i>"
"61","cue","00:02:56,384","00:02:59,179","<i>-[Paul] Oh, you can move it? A little bit?</i>
<i>-Yeah, it's that kinda deal.</i>"
"62","cue","00:02:59,262","00:03:02,640","<i>-[both laughing]</i>
<i>-[Paul] It's cute. That was a good trick.</i>"
"63","cue","00:03:02,724","00:03:05,643","<i>Like, I thought that you would</i>
<i>look differently. Where do I fall?</i>"
"64","cue","00:03:05,727","00:03:07,353","<i>-Like, on the spectrum--</i>
<i>-Oh, how you look?</i>"
"65","cue","00:03:07,437","00:03:10,398","<i>-Yeah.</i>
<i>-You're really cute. You're my type.</i>"
"66","cue","00:03:10,481","00:03:12,775","<i>Really? Wait, like, what you expected?</i>"
"67","cue","00:03:13,401","00:03:15,653","<i>No, I definitely think</i>
<i>you looked different,</i>"
"68","cue","00:03:15,737","00:03:17,947","<i>but, like, not in a bad way.</i>"
"69","cue","00:03:18,031","00:03:20,491","<i>-Okay.</i>
<i>-I thought you'd have a baby face.</i>"
"70","cue","00:03:20,575","00:03:22,368","<i>I thought you were gonna have your face,</i>"
"71","cue","00:03:22,452","00:03:24,954","<i>but, like, no beard</i>
<i>and, like, a really slick face. Yeah.</i>"
"72","cue","00:03:25,038","00:03:26,122","<i>Interesting. Ugh. No.</i>"
"73","cue","00:03:26,206","00:03:28,166","<i>But no. I think it's sexy.</i>"
"74","cue","00:03:28,249","00:03:30,877","<i>-Okay, really? Oh, God.</i>
<i>-In a good way. Yeah. [chuckles]</i>"
"75","cue","00:03:30,960","00:03:33,504","<i>-Yeah.</i>
<i>-[both laughing]</i>"
"76","cue","00:03:33,588","00:03:38,051","<i>-[""Lies"" by Syence playing]</i>
<i>-</i><span style=""style2"">♪ Yeah, you're just, yeah, you're just ♪</i>"
"77","cue","00:03:38,134","00:03:40,929","<i>♪ You're just telling lies ♪</i>"
"78","cue","00:03:41,012","00:03:41,888","<i>♪ Yeah, you're… ♪</i>"
"79","cue","00:03:43,806","00:03:45,850","<i>[both laughing]</i>"
"80","cue","00:03:45,934","00:03:47,936","<i>♪ Yeah, you're just… ♪</i>"
"81","cue","00:03:48,019","00:03:49,062","<i>[laughs]</i>"
"82","cue","00:03:49,145","00:03:50,688","<i>♪ Telling lies ♪</i>"
"83","cue","00:03:54,234","00:03:56,694","<i>[hip-hop music playing]</i>"
"84","cue","00:03:59,405","00:04:01,032","<i>♪ Love me, love me not ♪</i>"
"85","cue","00:04:01,115","00:04:03,660","{\an8}<i>♪ You left me to rot, fire to ice… ♪</i>"
"86","cue","00:04:03,743","00:04:05,411","{\an8}<i>[Chelsea sighs]</i>"
"87","cue","00:04:05,495","00:04:06,621","<i>♪ You're the devil</i><span style=""style1"">{\an8} ♪</i>"
"88","cue","00:04:07,956","00:04:10,250","<i>♪ On another level ♪</i>"
"89","cue","00:04:10,833","00:04:14,837","<i>♪ Yeah, so on and on and on we go ♪</i>"
"90","cue","00:04:14,921","00:04:18,132","<i>♪ Got me spinning off the road ♪</i>"
"91","cue","00:04:18,216","00:04:21,928","<i>♪ Battered up and feeling low</i>
<i>I don't want to… ♪</i>"
"92","cue","00:04:22,011","00:04:24,055","<i>Why did you talk to her,</i>
<i>like, that exact moment?</i>"
"93","cue","00:04:25,848","00:04:27,892","{\an8}<i>[Kwame exhales]</i>"
"94","cue","00:04:31,729","00:04:35,191","<i>Look, I had to talk to her.</i>
<i>I, like, I had to talk to her.</i>"
"95","cue","00:04:35,692","00:04:38,319","<i>Like, I did not feel right</i>
<i>about what was said.</i>"
"96","cue","00:04:38,403","00:04:41,281","<i>No, I'm not gonna let that--</i>
<i>I'm not gonna let that ride.</i>"
"97","cue","00:04:41,364","00:04:43,074","{\an8}<i>Why didn't you just address it</i>
<i>in the moment?</i>"
"98","cue","00:04:43,157","00:04:45,410","{\an8}<i>""Hey, not cool. I didn't propose to you.""</i>"
"99","cue","00:04:45,493","00:04:47,578","<i>-Because after--</i>
<i>-""We're cool. We're chill and flat.""</i>"
"100","cue","00:04:47,662","00:04:49,539","<i>""Don't say that shit.""</i>
<i>Why can't you just…?</i>"
"101","cue","00:04:49,622","00:04:52,458","<i>Like, you have to understand.</i>
<i>When you're upset like that,</i>"
"102","cue","00:04:52,542","00:04:55,795","<i>there's no concept in that moment</i>
<i>to be like, ""Hey, let me calm down--""</i>"
"103","cue","00:04:55,878","00:04:59,132","<i>When you have a fiancée and when you have</i>
<i>somebody that you love, you care about,</i>"
"104","cue","00:04:59,215","00:05:00,800","<i>yeah, there is a concept of that now.</i>"
"105","cue","00:05:01,592","00:05:04,887","<i>You have to think about</i>
<i>how the actions are affecting</i>"
"106","cue","00:05:04,971","00:05:06,556","<i>not only you, but me.</i>"
"107","cue","00:05:07,432","00:05:13,271","<i>It wasn't my intention to belittle</i>
<i>anything… about what we have.</i>"
"108","cue","00:05:13,354","00:05:15,189","<i>So, like, if that ever happens,</i>"
"109","cue","00:05:15,273","00:05:18,818","<i>you have to know that there is a serious</i>
<i>reason and intent behind what I'm doing.</i>"
"110","cue","00:05:18,901","00:05:19,736","<i>No.</i>"
"111","cue","00:05:21,112","00:05:22,155","<i>It should never happen.</i>"
"112","cue","00:05:25,700","00:05:29,495","<i>And then it proceeded to be, like,</i>
<i>this 20-minute one-on-one conversation,</i>"
"113","cue","00:05:29,579","00:05:31,456","<i>where you guys were laughing.</i>"
"114","cue","00:05:31,539","00:05:35,168","<i>Like, this wasn't,</i>
<i>""Hey, I'm unhappy with this.""</i>"
"115","cue","00:05:35,251","00:05:38,713","<i>Yes, when I started addressing it,</i>
<i>we laughed a little bit.</i>"
"116","cue","00:05:39,964","00:05:42,008","<i>Once we got past the border of,</i>"
"117","cue","00:05:42,091","00:05:43,843","<i>""Yo, that was fucked up,""</i>"
"118","cue","00:05:45,094","00:05:46,763","<i>and we got the apologies in--</i>"
"119","cue","00:05:46,846","00:05:50,433","<i>Then it's over. Then it's over. It's done.</i>
<i>Conversation need-- it's done.</i>"
"120","cue","00:05:50,516","00:05:53,227","<i>Okay. All right, so just walk away.</i>
<i>Get up and walk away.</i>"
"121","cue","00:05:53,311","00:05:54,812","<i>-Conversation's over now.</i>
<i>-Yes, yes.</i>"
"122","cue","00:05:55,396","00:05:56,898","<i>It doesn't need to go on.</i>"
"123","cue","00:05:58,649","00:06:00,276","<i>I knew this was about to happen.</i>"
"124","cue","00:06:00,360","00:06:03,363","<i>-What do you mean you knew?</i>
<i>-I just knew this was gonna happen.</i>"
"125","cue","00:06:03,446","00:06:05,031","<i>-What do you mean?</i>
<i>-I just knew it.</i>"
"126","cue","00:06:05,823","00:06:07,992","<i>Just, like, the way you guys ended.</i>"
"127","cue","00:06:08,076","00:06:10,453","<i>The way, you know, you stormed out.</i>"
"128","cue","00:06:10,536","00:06:12,997","<i>We were in it for days.</i>"
"129","cue","00:06:13,706","00:06:15,583","<i>And you know what that feels like.</i>"
"130","cue","00:06:15,666","00:06:19,253","<i>Being in the pods was like every</i>
<i>single day felt like a week or a month.</i>"
"131","cue","00:06:20,004","00:06:23,466","<i>Like, you were genuinely getting</i>
<i>deep as fuck with somebody.</i>"
"132","cue","00:06:23,549","00:06:25,426","<i>-Then all of a sudden, ""No, okay.""</i>
<i>-[snaps]</i>"
"133","cue","00:06:25,510","00:06:27,261","<i>""Just wanted to let you know,"" you know?</i>"
"134","cue","00:06:27,887","00:06:29,514","<i>Like, how the fuck you do that?</i>"
"135","cue","00:06:30,014","00:06:31,391","<i>We had no closure.</i>"
"136","cue","00:06:32,225","00:06:33,059","<i>[scoffs]</i>"
"137","cue","00:06:33,643","00:06:36,479","<i>I guess I just don't understand</i>
<i>why you didn't do that that night.</i>"
"138","cue","00:06:39,607","00:06:41,067","<i>I-- I overreacted.</i>"
"139","cue","00:06:43,528","00:06:45,530","<i>Closure is a good thing.</i>"
"140","cue","00:06:46,072","00:06:47,407","<i>Closure is a great thing.</i>"
"141","cue","00:06:47,907","00:06:48,741","<i>Baby?</i>"
"142","cue","00:06:51,285","00:06:53,955","<i>Did you feel like</i>
<i>you got closure tonight with her?</i>"
"143","cue","00:06:55,289","00:06:57,625","<i>-Not fully, but enough.</i>
<i>-Oh, my God!</i>"
"144","cue","00:06:57,708","00:06:59,168","<i>[Kwame] Baby, hey.</i>"
"145","cue","00:07:00,461","00:07:01,421","<i>[chuckles] Hey.</i>"
"146","cue","00:07:01,504","00:07:03,172","<i>[Chelsea] Not fully?</i>"
"147","cue","00:07:04,257","00:07:05,800","<i>What would have been fully?</i>"
"148","cue","00:07:05,883","00:07:06,801","<i>[Kwame] I, uh--</i>"
"149","cue","00:07:07,468","00:07:10,388","<i>-I got--</i>
<i>-Testing the waters? Making out with her?</i>"
"150","cue","00:07:10,471","00:07:12,306","<i>I'm telling you I got what I needed.</i>"
"151","cue","00:07:13,516","00:07:15,810","<i>I-- I said I've got enough.</i>"
"152","cue","00:07:15,893","00:07:17,478","<i>I don't get it. I don't get it.</i>"
"153","cue","00:07:17,562","00:07:20,106","<i>-Hey, we-- I'm good.</i>
<i>-I don't get it.</i>"
"154","cue","00:07:20,982","00:07:23,317","<i>I'm good. I'm good exactly where I'm at.</i>"
"155","cue","00:07:23,401","00:07:27,697","<i>-[""Fight for This"" by Ryan Innes playing]</i>
<i>-</i><span style=""style2"">♪ I can feel the weight of a heavy war ♪</i>"
"156","cue","00:07:30,450","00:07:33,911","<i>♪ Hear them battle now</i>
<i>Knocking down my door… ♪</i>"
"157","cue","00:07:34,704","00:07:36,581","<i>-Would you have rather been with her?</i>
<i>-No.</i>"
"158","cue","00:07:37,957","00:07:38,958","<i>Not for a second.</i>"
"159","cue","00:07:40,918","00:07:42,628","<i>I'm right where I need to be.</i>"
"160","cue","00:07:43,588","00:07:46,632","<i>Like, right where I need to be.</i>"
"161","cue","00:07:48,593","00:07:50,678","<i>And I don't doubt that for a moment.</i>"
"162","cue","00:07:54,265","00:07:56,809","<i>I can guarantee you that I would not have</i>"
"163","cue","00:07:57,518","00:07:59,729","<i>even marginally as good a connection.</i>"
"164","cue","00:08:01,439","00:08:02,482","<i>Then let it go.</i>"
"165","cue","00:08:03,441","00:08:05,026","<i>Let it fucking go, Kwame.</i>"
"166","cue","00:08:07,195","00:08:09,947","<i>Walk away into the life</i>
<i>that you're gonna have.</i>"
"167","cue","00:08:10,448","00:08:12,783","<i>♪ I will fight to live ♪</i>"
"168","cue","00:08:12,867","00:08:16,037","<i>[vocalizing]</i>"
"169","cue","00:08:16,996","00:08:19,540","<i>♪ I will fight to live ♪</i>"
"170","cue","00:08:25,296","00:08:28,674","<i>♪ I can feel the weight of a heavy war ♪</i>"
"171","cue","00:08:32,970","00:08:35,097","<i>[""Ready to Love Again""</i>
<i>by Deep Cut playing]</i>"
"172","cue","00:08:35,181","00:08:37,808","<i>[vocalizing]</i>"
"173","cue","00:08:37,892","00:08:39,352","<i>♪ Showing off, stepping out… ♪</i>"
"174","cue","00:08:39,435","00:08:40,561","{\an8}<i>Yay! Let's get it!</i>"
"175","cue","00:08:40,645","00:08:42,772","{\an8}<i>Hola. Hola, señor.</i>"
"176","cue","00:08:42,855","00:08:45,441","<i>Oh, yeah. This is where</i>
<i>it's gonna be at right here.</i>"
"177","cue","00:08:45,525","00:08:47,610","<i>♪ Wanna dance, wanna shout… ♪</i>"
"178","cue","00:08:47,693","00:08:49,111","<i>[Jackelina] Yeah!</i>"
"179","cue","00:08:49,695","00:08:50,738","{\an8}<i>Oh!</i>"
"180","cue","00:08:51,572","00:08:52,448","<i>Yay!</i>"
"181","cue","00:08:53,824","00:08:55,660","<i>Yes, yes, yes, yes, yes, yes, yes!</i>"
"182","cue","00:08:55,743","00:08:57,620","<i>[groans]</i>"
"183","cue","00:08:57,703","00:08:58,621","<i>Embrace it.</i>"
"184","cue","00:08:59,830","00:09:02,083","<i>-Whoo.</i>
<i>-Oh, shit. My nipple feels really hard.</i>"
"185","cue","00:09:02,166","00:09:03,000","<i>[laughs]</i>"
"186","cue","00:09:03,084","00:09:06,712","<i>♪ Wanna dance, wanna shout</i>
<i>Ready to love again… ♪</i>"
"187","cue","00:09:06,796","00:09:09,006","<i>-[Jackelina] Gracias, señor.</i>
<i>-[Marshall] Ooh-ooh!</i>"
"188","cue","00:09:10,383","00:09:12,009","<i>-[Jackelina] Oh, wow!</i>
<i>-[server] Excellent!</i>"
"189","cue","00:09:12,093","00:09:14,470","<i>-[Jackelina] Gracias.</i>
<i>-[Marshall] </i><span style=""style2"">Perfecto.</i>"
"190","cue","00:09:14,554","00:09:15,888","<i>[Jackelina] I'm </i><span style=""style2"">hungy.</i>"
"191","cue","00:09:16,764","00:09:18,891","<i>-What?</i>
<i>-[shouts, chuckles]</i>"
"192","cue","00:09:19,725","00:09:22,520","<i>-Girl, you are… a trip.</i>
<i>-[laughing]</i>"
"193","cue","00:09:23,396","00:09:24,313","<i>[Marshall exhales]</i>"
"194","cue","00:09:25,106","00:09:27,775","<i>-So, what did you think of last night?</i>
<i>-Meeting everybody?</i>"
"195","cue","00:09:27,858","00:09:30,069","<i>-Yeah.</i>
<i>-I think it was great.</i>"
"196","cue","00:09:31,904","00:09:34,490","<i>What, um… What stood out</i>
<i>to me the most was, uh…</i>"
"197","cue","00:09:36,450","00:09:39,620","<i>how strong I feel like</i>
<i>Brett and Tiffany's connection is.</i>"
"198","cue","00:09:39,704","00:09:41,414","<i>-Are they stronger than us though?</i>
<i>-No.</i>"
"199","cue","00:09:41,998","00:09:43,374","<i>-[Jackelina] Okay.</i>
<i>-You know.</i>"
"200","cue","00:09:43,457","00:09:48,045","<i>I was surprised to see, uh, Zack,</i>
<i>actually, kind of happy a little bit.</i>"
"201","cue","00:09:48,713","00:09:49,922","<i>Zack's a weirdo.</i>"
"202","cue","00:09:50,006","00:09:52,967","<i>Zack needs to stay</i>
<i>six feet away from me at all times.</i>"
"203","cue","00:09:53,050","00:09:55,678","<i>-Ah, there it is.</i>
<i>-[both laugh]</i>"
"204","cue","00:09:55,761","00:09:59,473","<i>Zack is a weirdo,</i>
<i>and Irina's Irina, the peasant.</i>"
"205","cue","00:10:00,391","00:10:05,938","{\an8}<i>I don't mean</i>
<i>like Old English peasantry type.</i>"
"206","cue","00:10:06,022","00:10:08,691","<i>I mean someone who's just a weirdo,</i>"
"207","cue","00:10:08,774","00:10:11,861","<i>someone who just does dumb shit</i>
<i>for no reason.</i>"
"208","cue","00:10:11,944","00:10:12,945","<i>I don't like that.</i>"
"209","cue","00:10:13,029","00:10:15,072","<i>That's just not how I roll.</i>
<i>That's not my steez.</i>"
"210","cue","00:10:15,698","00:10:17,533","<i>When you saw everybody else, like,</i>"
"211","cue","00:10:18,242","00:10:21,329","<i>did you think everybody else</i>
<i>was up to par? Like, look-wise?</i>"
"212","cue","00:10:21,912","00:10:24,874","<i>Uh, everyone has their</i>
<i>own unique ways of looking.</i>"
"213","cue","00:10:24,957","00:10:26,751","<i>Everyone is beautiful in their own way.</i>"
"214","cue","00:10:27,585","00:10:29,879","<i>-Yeah!</i>
<i>-[laughs]</i>"
"215","cue","00:10:29,962","00:10:33,382","<i>I can confidently say that,</i>
<i>uh, I got the best one.</i>"
"216","cue","00:10:33,466","00:10:35,009","<i>-Yeah!</i>
<i>-Yes.</i>"
"217","cue","00:10:35,092","00:10:37,094","<i>[laughing]</i>"
"218","cue","00:10:38,054","00:10:39,055","<i>Gimme a kiss.</i>"
"219","cue","00:10:39,138","00:10:42,308","<i>-[pop music playing]</i>
<i>-</i><span style=""style2"">♪ Call me up, ask me what I wanna do… ♪</i>"
"220","cue","00:10:42,391","00:10:45,144","<i>The best thing</i>
<i>about being in Mexico is </i><span style=""style2"">tonto</i><i>.</i>"
"221","cue","00:10:46,270","00:10:48,522","<i>Mi tonto</i><span style=""style1"">, my dumbass.</i>"
"222","cue","00:10:49,190","00:10:51,942","<i>I like chilling with him.</i>
<i>He makes Mexico fun.</i>"
"223","cue","00:10:52,026","00:10:53,027","<i>[Jackelina exclaims]</i>"
"224","cue","00:10:54,987","00:10:56,364","<i>[laughs]</i>"
"225","cue","00:10:57,907","00:10:58,783","<i>-[sighs]</i>
<i>-[laughs]</i>"
"226","cue","00:11:00,034","00:11:01,661","<i>If you splash me, that's your ass.</i>"
"227","cue","00:11:04,538","00:11:06,707","<i>Do not splash me!</i>"
"228","cue","00:11:06,791","00:11:10,127","<i>♪ Everything's better with you around ♪</i>"
"229","cue","00:11:10,211","00:11:11,128","<i>♪ Oh! ♪</i>"
"230","cue","00:11:11,212","00:11:15,257","<i>♪ Everything's better with you around ♪</i>"
"231","cue","00:11:15,341","00:11:17,885","<i>♪ Oh, yeah! ♪</i>"
"232","cue","00:11:17,968","00:11:20,554","<i>[vocalizing]</i>"
"233","cue","00:11:23,891","00:11:25,309","{\an8}<i>This is beautiful.</i>"
"234","cue","00:11:25,893","00:11:28,813","<i>♪ Oh, yeah! ♪</i>"
"235","cue","00:11:29,563","00:11:33,275","<i>Wow. I saw you get out the shower</i>
<i>this morning, and I was like, ""Whoo!""</i>"
"236","cue","00:11:33,359","00:11:34,193","<i>[Brett chuckles]</i>"
"237","cue","00:11:34,276","00:11:35,695","<i>[mouths] Thank you.</i>"
"238","cue","00:11:35,778","00:11:36,696","<i>That's how I felt.</i>"
"239","cue","00:11:36,779","00:11:37,863","<i>[both laugh]</i>"
"240","cue","00:11:37,947","00:11:39,949","<i>Like, I am so darn lucky.</i>"
"241","cue","00:11:41,701","00:11:42,618","{\an8}<i>[chuckles]</i>"
"242","cue","00:11:42,702","00:11:45,413","<i>Whew! You gotta stop</i>
<i>looking at me like that.</i>"
"243","cue","00:11:45,496","00:11:48,040","<i>[laughing]</i>"
"244","cue","00:11:48,124","00:11:51,293","{\an8}<i>Brett and I have taken our antic-- [gasps]</i>"
"245","cue","00:11:51,377","00:11:54,505","<i>I can't even talk, because I'm just like,</i>
<i>""Whoo, that man!""</i>"
"246","cue","00:11:54,588","00:11:57,425","<i>-Just so you know, I know how lucky I am.</i>
<i>-[laughing]</i>"
"247","cue","00:11:57,925","00:12:01,053","<i>Brett and I have taken our intimacy</i>
<i>to the next level.</i>"
"248","cue","00:12:01,137","00:12:03,931","<i>Yes, we have, and it was good.</i>"
"249","cue","00:12:04,014","00:12:05,057","<i>Mmm!</i>"
"250","cue","00:12:06,225","00:12:07,101","<i>Whew!</i>"
"251","cue","00:12:08,477","00:12:09,895","<i>I'm having flashbacks.</i>"
"252","cue","00:12:11,981","00:12:13,441","<i>All the girls loved you.</i>"
"253","cue","00:12:14,859","00:12:18,821","<i>I mean, all the guys made the point</i>
<i>to say to me, like, ""Yo, she's great.""</i>"
"254","cue","00:12:18,904","00:12:22,241","<i>""Y'all together is like, uh, perfect.""</i>"
"255","cue","00:12:22,867","00:12:27,246","<i>In the pods, I wasn't sure</i>
<i>if I was judged on, like, my age</i>"
"256","cue","00:12:27,329","00:12:30,958","<i>and people, like, just thinking</i>
<i>what I would look like.</i>"
"257","cue","00:12:32,042","00:12:34,462","<i>-""I'm 36, but…"" Like…</i>
<i>-Mm-hmm.</i>"
"258","cue","00:12:35,463","00:12:38,299","<i>You know, ""I like to go out</i>
<i>and have fun and do things.""</i>"
"259","cue","00:12:38,382","00:12:40,885","<i>Like, I don't need to prove myself</i>
<i>to these people.</i>"
"260","cue","00:12:40,968","00:12:43,345","<i>-I just need to say, ""Yes, I'm 36.""</i>
<i>-Yeah.</i>"
"261","cue","00:12:43,429","00:12:44,805","<i>""And I'm thriving.""</i>"
"262","cue","00:12:44,889","00:12:45,848","<i>[Brett] Yeah.</i>"
"263","cue","00:12:45,931","00:12:48,225","<i>[Tiffany] I don't know,</i>
<i>it was the weirdest feeling.</i>"
"264","cue","00:12:49,435","00:12:53,397","<i>Like, trust your intuition</i>
<i>and follow that. [clears throat]</i>"
"265","cue","00:12:53,481","00:12:55,065","<i>But, like, you're already</i>"
"266","cue","00:12:56,192","00:12:59,487","<i>adding value to my life,</i>
<i>even though it's only been what?</i>"
"267","cue","00:13:00,404","00:13:01,363","<i>Two weeks?</i>"
"268","cue","00:13:01,447","00:13:03,115","<i>-Actually, I think it has.</i>
<i>-Two and a half.</i>"
"269","cue","00:13:03,199","00:13:06,076","<i>-Yeah, yeah, yeah.</i>
<i>-Yeah, two and a half. Two and a half.</i>"
"270","cue","00:13:06,660","00:13:07,703","<i>Which is crazy.</i>"
"271","cue","00:13:08,579","00:13:10,664","<i>How do you feel about, like, the next,</i>"
"272","cue","00:13:10,748","00:13:14,001","<i>you know, whatever weeks,</i>
<i>like, living together, and…</i>"
"273","cue","00:13:14,543","00:13:18,464","<i>I'm not worried about living with you.</i>
<i>Like, that's not it.</i>"
"274","cue","00:13:18,547","00:13:22,134","<i>I'm curious to see, like,</i>
<i>what other things we're gonna pick up on.</i>"
"275","cue","00:13:22,635","00:13:25,221","<i>Okay, what do you think</i>
<i>your friends are gonna say?</i>"
"276","cue","00:13:25,304","00:13:27,515","<i>Oh, man. [laughs]</i>"
"277","cue","00:13:27,598","00:13:29,642","<i>-'Cause nobody knows.</i>
<i>-Oh, man.</i>"
"278","cue","00:13:29,725","00:13:32,228","<i>I think my friends are gonna be</i>
<i>thrown for a loop.</i>"
"279","cue","00:13:32,853","00:13:34,647","<i>An absolute loop.</i>"
"280","cue","00:13:35,481","00:13:37,858","<i>They're gonna be like,</i>
<i>""Yo, Brett, you hit the jackpot.""</i>"
"281","cue","00:13:37,942","00:13:42,279","<i>-I'm gonna be like, ""I know. I know.""</i>
<i>-[laughs] Whew!</i>"
"282","cue","00:13:43,823","00:13:49,662","<i>When I started this, I was like, ""I want</i>
<i>somebody that's gonna make me happy.""</i>"
"283","cue","00:13:50,329","00:13:53,582","<i>""Like, I wanna find my soulmate.""</i>"
"284","cue","00:13:54,333","00:13:55,292","<i>[Brett] Mm-hmm.</i>"
"285","cue","00:13:56,168","00:13:59,338","<i>And is that you, boo? It is.</i>"
"286","cue","00:13:59,421","00:14:02,466","<i>-[pop music playing]</i>
<span style=""style2"">-♪ Whatever it takes to make it now… ♪</i>"
"287","cue","00:14:02,550","00:14:03,676","<i>Mmm!</i>"
"288","cue","00:14:04,844","00:14:08,764","<i>♪ This city can't keep us down ♪</i>"
"289","cue","00:14:08,848","00:14:11,016","<i>♪ Look what we found ♪</i>"
"290","cue","00:14:11,100","00:14:13,435","<i>♪ This city can't keep us down ♪</i>"
"291","cue","00:14:13,519","00:14:16,647","<i>♪ This city can't keep us down ♪</i>"
"292","cue","00:14:21,777","00:14:23,821","{\an8}<i>-Ever been in one of these bad boys?</i>
<i>-[laughs] Yeah.</i>"
"293","cue","00:14:23,904","00:14:25,197","<i>-Have you?</i>
<i>-This old trusty steed.</i>"
"294","cue","00:14:25,281","00:14:26,949","<i>Should I trust you driving this thing?</i>"
"295","cue","00:14:27,032","00:14:28,617","<i>-[Paul] We'll find out soon.</i>
<i>-[laughs]</i>"
"296","cue","00:14:28,701","00:14:32,538","<i>-[pop music playing]</i>
<span style=""style2"">-♪ I'm climbing higher, higher, higher… ♪</i>"
"297","cue","00:14:32,621","00:14:33,664","<i>You look kinda cute.</i>"
"298","cue","00:14:33,747","00:14:35,499","<i>[Paul] Huh? Yeah, adorable.</i>"
"299","cue","00:14:35,583","00:14:37,710","<i>-[Micah] Shut the fuck up.</i>
<i>-Adorable!</i>"
"300","cue","00:14:37,793","00:14:40,671","<i>[Micah] I feel like I look so aggressive.</i>
<i>You look so aggressive with that.</i>"
"301","cue","00:14:40,754","00:14:42,965","<i>-[Paul] Hell yeah. We're here to…</i>
<i>-[thuds]</i>"
"302","cue","00:14:43,048","00:14:46,010","<i>-…do crime. Do crime and drugs.</i>
<i>-[both laughing]</i>"
"303","cue","00:14:46,927","00:14:47,761","<i>[Paul] Oh, God.</i>"
"304","cue","00:14:49,346","00:14:53,058","<i>[Micah] I'm sweating my ass off,</i>
<i>and I'm gonna burn so bad.</i>"
"305","cue","00:14:53,642","00:14:56,812","<i>-[Paul] So, we don't really have doors.</i>
<i>-Oh, jeez.</i>"
"306","cue","00:14:56,896","00:14:59,773","<i>-Don't kill us or do. Whoa! Whoa! Whoa!</i>
<i>-[banging]</i>"
"307","cue","00:15:00,774","00:15:03,777","<i>Whoa, okay. Slow down, crazy.</i>"
"308","cue","00:15:03,861","00:15:05,821","<i>-[Paul] Getting rowdy, all right?</i>
<i>-[tires skid]</i>"
"309","cue","00:15:05,905","00:15:08,032","<i>-You know what I mean?</i>
<i>-[both laughing]</i>"
"310","cue","00:15:09,909","00:15:12,244","<i>[Micah] This is, like,</i>
<i>really deep, like, in the jungle.</i>"
"311","cue","00:15:12,328","00:15:13,287","<i>[Paul] I know, right?</i>"
"312","cue","00:15:13,370","00:15:16,582","<i>I love the jungle, just in general.</i>
<i>I love the jungle so much.</i>"
"313","cue","00:15:16,665","00:15:20,002","<i>-[Micah] You love your plants.</i>
<i>-I love my plants. [laughs]</i>"
"314","cue","00:15:20,085","00:15:22,296","<i>-[Micah] You're so dorky.</i>
<i>-Sorry!</i>"
"315","cue","00:15:25,215","00:15:28,302","<i>♪ I'm feeling so alive, so fine… ♪</i>"
"316","cue","00:15:28,385","00:15:29,887","<i>[Micah] My eyes feel so dusty.</i>"
"317","cue","00:15:29,970","00:15:31,597","<i>[Paul] I know. Dusty and crusty.</i>"
"318","cue","00:15:31,680","00:15:34,266","<i>[Micah] I already feel like</i>
<i>I need a shower so bad.</i>"
"319","cue","00:15:34,350","00:15:36,477","<i>I'm hot and dry,</i>
<i>just gonna have a headache now.</i>"
"320","cue","00:15:36,560","00:15:38,062","<i>[Paul] No, this is so cool, actually.</i>"
"321","cue","00:15:38,854","00:15:41,649","<i>[Micah laughing]</i>"
"322","cue","00:15:41,732","00:15:44,276","<i>-You're running down guards.</i>
<i>-What?</i>"
"323","cue","00:15:44,360","00:15:45,736","<i>Your driving's scary.</i>"
"324","cue","00:15:45,819","00:15:47,988","<i>[Paul] No, it's good. We're good.</i>"
"325","cue","00:15:48,572","00:15:50,658","<i>-[Micah] Whoa, cool.</i>
<i>-[sighs]</i>"
"326","cue","00:15:50,741","00:15:52,534","<i>[birds chirping]</i>"
"327","cue","00:15:52,618","00:15:54,954","<i>[pleasant instrumental music plays]</i>"
"328","cue","00:15:55,037","00:15:56,288","<i>-Oh, my gosh.</i>
<i>-Don't slip.</i>"
"329","cue","00:15:56,372","00:15:57,748","<i>-Thank you.</i>
<i>-You got it?</i>"
"330","cue","00:15:58,290","00:15:59,291","<i>Protect me, Paul.</i>"
"331","cue","00:15:59,375","00:16:02,378","<i>-[Paul laughing] Huh? From gravity?</i>
<i>-[laughing] Yeah.</i>"
"332","cue","00:16:02,461","00:16:04,129","<i>-From myself.</i>
<i>-[both laughing]</i>"
"333","cue","00:16:04,213","00:16:05,798","<i>My own worst enemy. Thank you.</i>"
"334","cue","00:16:07,800","00:16:09,259","<i>Oh, my God. Whoa!</i>"
"335","cue","00:16:09,343","00:16:13,013","<i>-Holy shit.</i>
<i>-Oh, my gosh. This is so cool.</i>"
"336","cue","00:16:13,847","00:16:15,224","<i>Whoa!</i>"
"337","cue","00:16:15,307","00:16:16,642","<i>Oh, I can't wait to get in.</i>"
"338","cue","00:16:16,725","00:16:18,477","<i>-Wow, this looks so nice.</i>
<i>-Look at that water.</i>"
"339","cue","00:16:18,560","00:16:20,604","<i>I've never seen anything that clear.</i>"
"340","cue","00:16:20,688","00:16:22,106","<i>[Micah] Are there bugs in here?</i>"
"341","cue","00:16:22,189","00:16:25,067","<i>-Whoa!</i>
<i>-Little creatures? Wow.</i>"
"342","cue","00:16:26,318","00:16:29,029","<i>-What is that? Is that a shark?</i>
<i>-[Micah] What do you mean shark?</i>"
"343","cue","00:16:29,113","00:16:30,447","<i>[Paul] Oh, they're catfish.</i>"
"344","cue","00:16:30,531","00:16:33,659","<i>They look like baby,</i>
<i>like, tiny nurse sharks.</i>"
"345","cue","00:16:33,742","00:16:37,579","<i>[Micah] Okay, this is kind of scaring me.</i>
<i>It's my worst nightmare if one touches me.</i>"
"346","cue","00:16:37,663","00:16:39,456","<i>-[Paul] These little catfish?</i>
<i>-Yeah. [laughs]</i>"
"347","cue","00:16:39,540","00:16:41,166","<i>[Paul] You're not their mommy.</i>"
"348","cue","00:16:41,750","00:16:43,877","<i>[Micah] How do you not think</i>
<i>those are scary at all?</i>"
"349","cue","00:16:43,961","00:16:46,964","<i>[Paul] They're just little buddies.</i>
<i>Where's the mama?</i>"
"350","cue","00:16:47,047","00:16:48,507","<i>-[Micah] God. Stop.</i>
<i>-She's down there.</i>"
"351","cue","00:16:50,342","00:16:52,261","<i>-All right, on three.</i>
<i>-Okay. One.</i>"
"352","cue","00:16:52,803","00:16:54,430","<i>-Two.</i>
<i>-[both laughing]</i>"
"353","cue","00:16:54,513","00:16:56,223","<i>-[Micah] Three.</i>
<i>-Down we go. Three.</i>"
"354","cue","00:16:56,306","00:16:58,684","<i>[rock music playing]</i>"
"355","cue","00:16:58,767","00:17:02,438","<i>♪ Soaking in the light ♪</i>"
"356","cue","00:17:02,521","00:17:05,899","<i>♪ Never want this to end… ♪</i>"
"357","cue","00:17:05,983","00:17:09,236","<i>-[Micah gasping]</i>
<i>-[both] It's cold.</i>"
"358","cue","00:17:09,319","00:17:10,154","<i>[vocalizing]</i>"
"359","cue","00:17:10,237","00:17:13,741","<i>♪ Never want this to end… ♪</i>"
"360","cue","00:17:14,616","00:17:16,035","<i>-[Paul] All right.</i>
<i>-Under?</i>"
"361","cue","00:17:16,118","00:17:17,786","<i>-[chuckles] Are you ready?</i>
<i>-Wait.</i>"
"362","cue","00:17:17,870","00:17:19,413","<i>-Are you ready?</i>
<i>-No.</i>"
"363","cue","00:17:19,496","00:17:20,372","<i>Good. Me either.</i>"
"364","cue","00:17:22,124","00:17:23,083","<i>[Micah gasps]</i>"
"365","cue","00:17:28,172","00:17:29,006","<i>[laughs]</i>"
"366","cue","00:17:32,634","00:17:34,511","<i>[drumbeat playing]</i>"
"367","cue","00:17:36,555","00:17:39,308","{\an8}<i>-Oh, man.</i>
<i>-Oh, my God. This is just beautiful.</i>"
"368","cue","00:17:39,391","00:17:41,226","<i>[woodwind whistling]</i>"
"369","cue","00:17:41,310","00:17:42,853","<i>[drumbeat continues]</i>"
"370","cue","00:17:42,936","00:17:45,397","<i>-[man] If you can sit down, please.</i>
<i>-[Chelsea] Wow.</i>"
"371","cue","00:17:45,481","00:17:46,982","<i>[woodwind playing]</i>"
"372","cue","00:17:47,066","00:17:49,234","<i>[instrument rattling]</i>"
"373","cue","00:17:49,318","00:17:52,488","<i>We would like the permission</i>
<i>to the goddess of these sacred lands</i>"
"374","cue","00:17:52,571","00:17:54,531","<i>to say sorry after we made a mistake,</i>"
"375","cue","00:17:55,491","00:17:56,992","{\an8}<i>to the people we wronged.</i>"
"376","cue","00:17:57,076","00:17:58,243","<i>[music continues]</i>"
"377","cue","00:17:58,327","00:18:00,704","<i>[Kwame] The Cacao Ceremony is dope.</i>"
"378","cue","00:18:00,788","00:18:03,624","<i>It's a lot of spirituality,</i>
<i>deep-rooted in Mayan culture.</i>"
"379","cue","00:18:03,707","00:18:06,418","<i>[horn sounding]</i>"
"380","cue","00:18:06,502","00:18:10,005","<i>But when the drums are going on,</i>
<i>you tune into that and no other sounds.</i>"
"381","cue","00:18:10,089","00:18:12,508","{\an8}<i>And then from there,</i>
<i>we're just enjoying each other's presence.</i>"
"382","cue","00:18:12,591","00:18:14,635","<i>[music continues]</i>"
"383","cue","00:18:16,970","00:18:17,846","<i>Drink this.</i>"
"384","cue","00:18:17,930","00:18:20,015","<i>The chocolate, the cacao.</i>"
"385","cue","00:18:21,225","00:18:23,936","<i>It's a way we can reactivate</i>
<i>all your feelings.</i>"
"386","cue","00:18:24,603","00:18:26,355","<i>We can reactivate your heart</i>"
"387","cue","00:18:27,189","00:18:28,857","<i>with the person you love.</i>"
"388","cue","00:18:29,733","00:18:33,445","<i>Every cell of your body begins to heal.</i>"
"389","cue","00:18:35,906","00:18:37,783","<i>Now we can stand up, please.</i>"
"390","cue","00:18:41,370","00:18:46,834","<i>Now see each other through your eyes,</i>
<i>and you'll find this person.</i>"
"391","cue","00:18:47,543","00:18:50,921","<i>And from this point, you feel that power.</i>"
"392","cue","00:18:52,339","00:18:54,550","<i>[pop music playing]</i>"
"393","cue","00:18:54,633","00:18:58,011","<i>♪ Tell me it's gonna be all right ♪</i>"
"394","cue","00:18:58,762","00:19:02,099","<i>♪ No matter the reasons why ♪</i>"
"395","cue","00:19:03,100","00:19:06,353","<i>♪ We'll make it through ♪</i>"
"396","cue","00:19:08,939","00:19:10,983","<i>♪ If you don't love me ♪</i>"
"397","cue","00:19:12,568","00:19:15,112","<i>♪ Then what did I do? ♪</i>"
"398","cue","00:19:17,656","00:19:23,370","<i>♪ 'Cause all I want is to be with you ♪</i>"
"399","cue","00:19:24,788","00:19:27,541","<i>[Kwame] This 1000% brought us closer.</i>"
"400","cue","00:19:28,333","00:19:29,710","<i>-Wow!</i>
<i>-That was wild.</i>"
"401","cue","00:19:29,793","00:19:32,504","<i>That was really the most powerful</i>
<i>thing about this,</i>"
"402","cue","00:19:32,588","00:19:35,507","<i>is, like, all you focus on</i>
<i>is what you are trying to picture,</i>"
"403","cue","00:19:35,591","00:19:40,429","<i>and what I was picturing in that moment…</i>
<i>was Chelsea and I connecting.</i>"
"404","cue","00:19:40,929","00:19:44,266","<i>[Chelsea] That was a beautiful blessing</i>
<i>for our relationship.</i>"
"405","cue","00:19:44,349","00:19:45,184","<i>Yeah.</i>"
"406","cue","00:19:47,769","00:19:52,274","<i>You know, I woke up this morning</i>
<i>feeling not so great about last night.</i>"
"407","cue","00:19:52,357","00:19:55,027","<i>-You know, um…</i>
<i>-In what way?</i>"
"408","cue","00:19:56,069","00:20:00,699","<i>Like, feeling like I could have done</i>
<i>a lot better in that situation.</i>"
"409","cue","00:20:03,827","00:20:06,163","<i>I'm sorry about anything that went down</i>"
"410","cue","00:20:06,246","00:20:09,833","<i>and if it made you feel any way, um,</i>"
"411","cue","00:20:09,917","00:20:12,044","<i>you know, deprioritized in that situation.</i>"
"412","cue","00:20:12,127","00:20:13,921","<i>Like, that was really selfish of me.</i>"
"413","cue","00:20:14,504","00:20:16,173","<i>Should have let you know</i>
<i>what was going on.</i>"
"414","cue","00:20:16,256","00:20:19,509","<i>Even if it was something harmless.</i>
<i>Communication has been our biggest thing.</i>"
"415","cue","00:20:19,593","00:20:21,887","<i>I should have communicated with you first</i>"
"416","cue","00:20:22,387","00:20:25,515","<i>and then worked out</i>
<i>any other problems that I had.</i>"
"417","cue","00:20:27,100","00:20:28,852","<i>I'm feeling really peaceful about it.</i>"
"418","cue","00:20:29,561","00:20:32,856","<i>And I forgave you.</i>"
"419","cue","00:20:32,940","00:20:35,442","<i>I'm ready to move on from that.</i>"
"420","cue","00:20:35,525","00:20:36,360","<i>Me too.</i>"
"421","cue","00:20:38,570","00:20:42,449","{\an8}<i>I truly feel lighter</i>
<i>and more calm and more clear.</i>"
"422","cue","00:20:43,116","00:20:45,827","<i>There was a moment</i>
<i>when I looked into his eyes, and I</i>"
"423","cue","00:20:47,162","00:20:48,705","<i>truly saw forever.</i>"
"424","cue","00:20:48,789","00:20:51,124","<i>-I love you.</i>
<i>-Thank you. I love you too.</i>"
"425","cue","00:20:52,251","00:20:58,757","<i>-[rock music playing]</i>
<span style=""style2"">-♪ In life, I'm gonna stay by your side ♪</i>"
"426","cue","00:21:00,217","00:21:06,014","<i>♪ 'Cause it's always been only you and I ♪</i>"
"427","cue","00:21:06,723","00:21:11,061","{\an8}<i>[laughing] Kind of reminds me of,</i>
<i>like, a crib a little bit.</i>"
"428","cue","00:21:11,561","00:21:12,729","<i>[Zack groans]</i>"
"429","cue","00:21:14,690","00:21:18,151","<i>Does it, like, bring you down at all</i>
<i>how I feel like I'm so dead?</i>"
"430","cue","00:21:19,528","00:21:21,363","{\an8}<i>No. I mean, it's normal.</i>"
"431","cue","00:21:25,701","00:21:27,995","<i>No one is 100% every day, right?</i>"
"432","cue","00:21:28,495","00:21:31,373","<i>Yeah. I'm just like,</i>
<i>""Irina, pull yourself together.""</i>"
"433","cue","00:21:32,749","00:21:34,167","<i>I just feel kind of bad 'cause I</i>"
"434","cue","00:21:35,836","00:21:37,045","<i>felt like…</i>"
"435","cue","00:21:37,129","00:21:39,715","<i>[yawning] …I'd been, like,</i>
<i>kind of closed off to you.</i>"
"436","cue","00:21:39,798","00:21:40,882","<i>Hmm.</i>"
"437","cue","00:21:41,591","00:21:43,260","<i>In case you haven't noticed.</i>"
"438","cue","00:21:43,885","00:21:47,222","<i>I couldn't sleep, too, so I was,</i>
<i>like, tossing and turning a bunch,</i>"
"439","cue","00:21:48,265","00:21:49,141","<i>just thinking.</i>"
"440","cue","00:21:50,017","00:21:52,019","<i>Yeah, what were you thinking about?</i>"
"441","cue","00:21:53,395","00:21:54,396","<i>Everything. [chuckles]</i>"
"442","cue","00:21:57,316","00:22:00,402","<i>I feel like talking to Paul and having,</i>
<i>like, really good conversations</i>"
"443","cue","00:22:00,485","00:22:02,654","<i>that, like, get me impassioned and excited</i>"
"444","cue","00:22:02,738","00:22:05,657","{\an8}<i>made me realize that I haven't had one</i>
<i>of those with Zach yet coming here.</i>"
"445","cue","00:22:07,409","00:22:08,660","<i>I really do love you.</i>"
"446","cue","00:22:09,828","00:22:12,664","<i>But I feel like I can't get you</i>"
"447","cue","00:22:13,582","00:22:14,708","<i>to invest.</i>"
"448","cue","00:22:15,667","00:22:19,671","<i>Genuinely, what I want is,</i>
<i>I wanna have a family.</i>"
"449","cue","00:22:20,172","00:22:24,259","<i>I wanna have a wife who's gonna support</i>
<i>my vision for what I wanna do.</i>"
"450","cue","00:22:24,343","00:22:27,637","<i>Um, and I wanna be there</i>
<i>to support her in her dreams.</i>"
"451","cue","00:22:28,388","00:22:34,227","<i>And I still see you as someone</i>
<i>who I could do that with.</i>"
"452","cue","00:22:34,770","00:22:38,398","<i>But you know, it takes two people</i>
<i>for a relationship to work.</i>"
"453","cue","00:22:40,275","00:22:42,444","<i>[tense music plays]</i>"
"454","cue","00:22:42,527","00:22:44,404","<i>[Irina] Keep talking. I can hear you.</i>"
"455","cue","00:22:46,573","00:22:48,825","<i>So, I mean, I'm just very confused.</i>"
"456","cue","00:22:48,909","00:22:50,786","<i>I don't-- I don't really--</i>"
"457","cue","00:22:51,787","00:22:53,622","<i>really know where we're going.</i>"
"458","cue","00:22:53,705","00:22:55,999","<i>Um, and I don't know</i>
<i>if you're really in this.</i>"
"459","cue","00:22:56,083","00:22:57,584","<i>Like, are you in?</i>"
"460","cue","00:23:00,587","00:23:02,089","<i>Do you </i><span style=""style2"">want </i><i>to be in?</i>"
"461","cue","00:23:02,172","00:23:03,590","<i>Is this something you want?</i>"
"462","cue","00:23:04,341","00:23:06,718","<i>I don't know, Zack.</i>
<i>I can't separate, like--</i>"
"463","cue","00:23:08,011","00:23:10,847","<i>'Cause you're not wrong</i>
<i>about all those things. [exhales]</i>"
"464","cue","00:23:12,808","00:23:15,602","<i>[Zack] If you don't find me</i>
<i>physically attractive,</i>"
"465","cue","00:23:16,812","00:23:18,522","<i>if I'm not your type,</i>"
"466","cue","00:23:18,605","00:23:21,483","<i>and you don't think</i>
<i>we're gonna be able to get over that,</i>"
"467","cue","00:23:21,566","00:23:24,027","<i>then I don't think</i>
<i>we shouldn't go forward any further.</i>"
"468","cue","00:23:24,111","00:23:26,113","<i>[chill music plays]</i>"
"469","cue","00:23:31,493","00:23:33,245","<i>You just gotta be real with yourself.</i>"
"470","cue","00:23:33,328","00:23:36,915","<i>If you think that there's something</i>
<i>that we can… we can get over,</i>"
"471","cue","00:23:36,998","00:23:40,252","<i>I'm willing to go forward with that, but…</i>"
"472","cue","00:23:41,461","00:23:43,088","<i>I've gotta see--</i>"
"473","cue","00:23:43,171","00:23:45,674","<i>I've gotta see</i>
<i>that you're actually all-in on this.</i>"
"474","cue","00:23:48,718","00:23:50,637","<i>I'm not gonna chase after you.</i>"
"475","cue","00:23:51,138","00:23:52,055","<i>You're not?</i>"
"476","cue","00:23:52,139","00:23:55,058","<i>-Yeah, I know that's what you want.</i>
<i>-[laughs] No.</i>"
"477","cue","00:23:55,142","00:23:57,686","<i>-I don't want that.</i>
<i>-But I'm not. Like, I'm not, you know.</i>"
"478","cue","00:23:57,769","00:24:00,105","<i>You're either in it, or you're not.</i>"
"479","cue","00:24:00,772","00:24:03,984","<i>-[""Dare"" by Jessy Covets playing]</i>
<i>-</i><span style=""style2"">♪ I dare you ♪</i>"
"480","cue","00:24:04,067","00:24:06,194","<i>♪ To take me ♪</i>"
"481","cue","00:24:06,278","00:24:08,905","<i>♪ To your heaven ♪</i>"
"482","cue","00:24:08,989","00:24:13,785","<i>♪ And make my dreams come true ♪</i>"
"483","cue","00:24:16,204","00:24:18,665","<i>[vocalization rises and fades out]</i>"
"484","cue","00:24:23,587","00:24:25,589","<i>-[dance music playing]</i>
<span style=""style2"">-</i><i>[vocalizing]</i>"
"485","cue","00:24:30,135","00:24:31,261","<i>♪ I love it when… ♪</i>"
"486","cue","00:24:31,344","00:24:32,512","<i>[chattering]</i>"
"487","cue","00:24:32,596","00:24:34,598","<i>-Uh-oh!</i>
<i>-Uh-oh!</i>"
"488","cue","00:24:34,681","00:24:38,143","<i>-[all cheering]</i>
<i>-Tiffany!</i>"
"489","cue","00:24:38,226","00:24:39,603","<i>[Tiffany] Hey, girl!</i>"
"490","cue","00:24:39,686","00:24:41,438","<i>-You look lovely.</i>
<i>-Thank you so much.</i>"
"491","cue","00:24:41,521","00:24:43,190","<i>-What's up, brother?</i>
<i>-[laughing]</i>"
"492","cue","00:24:43,273","00:24:46,109","<i>So, did you guys seal it? Did you do it?</i>"
"493","cue","00:24:46,193","00:24:47,319","<i>So, we did.</i>"
"494","cue","00:24:47,402","00:24:50,071","<i>Yes!</i>"
"495","cue","00:24:50,155","00:24:51,364","<i>[Jackelina] It was good.</i>"
"496","cue","00:24:51,448","00:24:53,783","{\an8}<i>-That connection made it--</i>
<i>-[Chelsea] Yes, deeper, right?</i>"
"497","cue","00:24:53,867","00:24:55,076","{\an8}<i>-Oh, my gosh.</i>
<i>-[Chelsea] I know.</i>"
"498","cue","00:24:55,160","00:24:57,954","{\an8}<i>[Jackelina] I was like,</i>
<i>""Wait a minute. Let's time out.""</i>"
"499","cue","00:24:58,038","00:25:00,582","{\an8}<i>-Oh, my gosh, it was good.</i>
<i>-It did feel like that first time.</i>"
"500","cue","00:25:00,665","00:25:04,461","{\an8}<i>-Yeah, and alive. I'm kind of, like, sore.</i>
<i>-Ooh! [laughing]</i>"
"501","cue","00:25:06,505","00:25:08,340","<i>Girl, I've been sore this whole time.</i>"
"502","cue","00:25:08,423","00:25:10,675","<i>I feel my heartbeat down there.</i>
<i>I'm like, ""Oh, wow.""</i>"
"503","cue","00:25:10,759","00:25:13,345","<i>I'm like, ""Ah!</i>
<i>Whipped and put through the wringer.""</i>"
"504","cue","00:25:13,428","00:25:15,639","<i>[laughing]</i>"
"505","cue","00:25:15,722","00:25:18,767","<i>-So, how about you, man? [clears throat]</i>
<i>-[Brett exhales]</i>"
"506","cue","00:25:19,351","00:25:21,228","{\an8}<i>I couldn't be happier, to be honest.</i>"
"507","cue","00:25:21,311","00:25:23,355","<i>-Yeah.</i>
<i>-[Brett] I've been single for, you know…</i>"
"508","cue","00:25:23,438","00:25:25,440","<i>I think it's been, like, six years.</i>"
"509","cue","00:25:25,524","00:25:27,943","<i>I've been dating,</i>
<i>but, like, I've always had a hard time</i>"
"510","cue","00:25:28,026","00:25:31,238","<i>really, like, connecting, like,</i>
<i>a really strong bond with somebody.</i>"
"511","cue","00:25:31,321","00:25:35,450","{\an8}<i>And I've never felt so, like, seen.</i>"
"512","cue","00:25:36,243","00:25:37,619","<i>-[Kwame] Really?</i>
<i>-Seen and heard.</i>"
"513","cue","00:25:37,702","00:25:38,578","<i>That's crazy.</i>"
"514","cue","00:25:38,662","00:25:41,289","{\an8}<i>Like, I'm just not the most,</i>
<i>like, open person</i>"
"515","cue","00:25:41,373","00:25:43,875","<i>as far as, like,</i>
<i>feelings with other people.</i>"
"516","cue","00:25:43,959","00:25:45,502","<i>Like, it's difficult for me.</i>"
"517","cue","00:25:45,585","00:25:48,171","<i>Like, my family,</i>
<i>the word love is a big word, for example.</i>"
"518","cue","00:25:48,255","00:25:50,715","<i>-Yeah.</i>
<i>-My family, we don't say that.</i>"
"519","cue","00:25:50,799","00:25:52,300","<i>-[chuckles] Yeah.</i>
<i>-And I hate it.</i>"
"520","cue","00:25:52,384","00:25:53,969","<i>I'll talk to my dad.</i>"
"521","cue","00:25:54,052","00:25:55,220","<i>We're like, ""Hey, bye, son.""</i>"
"522","cue","00:25:55,303","00:25:57,472","<i>I'm like, ""Is he gonna say it?""</i>
<i>And he doesn't.</i>"
"523","cue","00:25:57,556","00:25:59,724","<i>-But I wanna say it, and I don't.</i>
<i>-[Marshall] Hmm.</i>"
"524","cue","00:25:59,808","00:26:02,769","<i>And that's, like, a habit</i>
<i>that I don't wanna keep up.</i>"
"525","cue","00:26:02,852","00:26:06,648","<i>I don't want her to ever</i>
<i>question my feelings toward her.</i>"
"526","cue","00:26:06,731","00:26:07,566","{\an8}<i>[laughing]</i>"
"527","cue","00:26:07,649","00:26:09,109","{\an8}<i>[Brett] I want her to wake up</i>"
"528","cue","00:26:09,192","00:26:11,987","<i>and not have to ask me,</i>
<i>""Hey, babe, are you into me?""</i>"
"529","cue","00:26:12,070","00:26:14,239","<i>-Yeah.</i>
<i>-Like, I want her to know that.</i>"
"530","cue","00:26:14,322","00:26:15,156","<i>Yeah.</i>"
"531","cue","00:26:15,240","00:26:18,368","<i>So, it's like she's putting so much out,</i>"
"532","cue","00:26:19,035","00:26:22,622","<i>and, like… I'm, like,</i>
<i>really, really, really feeling her.</i>"
"533","cue","00:26:23,248","00:26:26,751","<i>Not a lot of guys that look like us</i>
<i>talk about stuff like this.</i>"
"534","cue","00:26:26,835","00:26:27,961","<i>-[Brett] True.</i>
<i>-To each other.</i>"
"535","cue","00:26:28,044","00:26:29,004","<i>Vulnerability.</i>"
"536","cue","00:26:29,087","00:26:31,089","<i>We gotta set the example.</i>
<i>We gotta set the precedent</i>"
"537","cue","00:26:31,172","00:26:33,883","<i>that, you know,</i>
<i>it's okay to talk about your feelings</i>"
"538","cue","00:26:33,967","00:26:35,427","<i>and tell people you love them.</i>"
"539","cue","00:26:35,510","00:26:36,761","<i>-Yeah.</i>
<i>-You know?</i>"
"540","cue","00:26:36,845","00:26:40,640","<i>Because there are many times</i>
<i>where I wish I could have told friends</i>"
"541","cue","00:26:40,724","00:26:43,268","<i>that have passed and aren't with us now</i>"
"542","cue","00:26:43,351","00:26:45,729","<i>that I wish I would have told,</i>
<i>""Hey, bro, I love you.""</i>"
"543","cue","00:26:45,812","00:26:49,816","<i>-[rock music playing]</i>
<i>-</i><span style=""style2"">♪ Here we come back to start up again ♪</i>"
"544","cue","00:26:49,899","00:26:52,277","{\an8}<i>♪ We've got the moves</i>
<i>To make you so jealous ♪</i>"
"545","cue","00:26:52,360","00:26:53,445","<i>Hey.</i>"
"546","cue","00:26:53,528","00:26:55,447","<i>-Hey. What's up, guys?</i>
<i>-What's up?</i>"
"547","cue","00:26:56,448","00:26:58,283","<i>-They actually just walked in.</i>
<i>-Hi!</i>"
"548","cue","00:26:58,366","00:26:59,826","<i>Welcome to the party.</i>"
"549","cue","00:26:59,909","00:27:03,872","<i>-Hey, Paul, we're basically matching, bro.</i>
<i>-Dude, I did the look first.</i>"
"550","cue","00:27:03,955","00:27:07,125","{\an8}<i>-[laughing]</i>
<i>-[Paul] Where do we get these drinks?</i>"
"551","cue","00:27:07,208","00:27:10,003","<i>-I'm pretty sure they're squashed.</i>
<i>-[Tiffany] Okay.</i>"
"552","cue","00:27:10,086","00:27:12,005","{\an8}<i>-Why are you pretty sure?</i>
<i>-[Chelsea] He told me.</i>"
"553","cue","00:27:12,088","00:27:14,841","{\an8}<i>-[Jackelina] You need to be certain.</i>
<i>-I don't really…</i>"
"554","cue","00:27:17,469","00:27:20,472","<i>-I don't know how it ended.</i>
<i>-Girl, I will keep one eye open.</i>"
"555","cue","00:27:20,555","00:27:22,307","<i>I'll keep one eye open for you.</i>"
"556","cue","00:27:22,390","00:27:24,059","<i>I made it very clear last night,</i>"
"557","cue","00:27:24,142","00:27:27,896","<i>""You disrespect me again…</i>
<i>we have a problem.""</i>"
"558","cue","00:27:27,979","00:27:29,689","<i>Yeah. Yeah, yeah.</i>"
"559","cue","00:27:29,773","00:27:31,399","<i>He knows. ""You can have the world with me,</i>"
"560","cue","00:27:31,483","00:27:33,568","<i>or you can throw it all away.</i>
<i>What do you wanna do?""</i>"
"561","cue","00:27:33,652","00:27:36,363","<i>-[""You Should Be Scared"" playing]</i>
<i>-</i><span style=""style2"">♪ Never ever take their advice… ♪</i>"
"562","cue","00:27:36,446","00:27:38,156","<i>[laughing]</i>"
"563","cue","00:27:38,239","00:27:39,658","<i>♪ Naughty not nice ♪</i>"
"564","cue","00:27:39,741","00:27:42,118","<i>♪ Like a sucker punch</i>
<i>I hit you with a knife… ♪</i>"
"565","cue","00:27:42,202","00:27:45,830","<i>[Brett] It's like</i>
<i>she just pulls no punches.</i>"
"566","cue","00:27:46,581","00:27:50,085","<i>-I think Micah is a lone bitch.</i>
<i>-[Chelsea] You know what? I don't need it.</i>"
"567","cue","00:27:50,168","00:27:53,672","<i>-If she's enough of a woman--</i>
<i>-When they're not Frick and Frack.</i>"
"568","cue","00:27:53,755","00:27:56,257","<i>Yeah, yeah, yeah. Ooh! Ooh!</i>
<i>And Frack is here.</i>"
"569","cue","00:27:56,341","00:27:57,342","<i>[laughing]</i>"
"570","cue","00:27:57,967","00:27:59,761","{\an8}<i>[Jackelina] Oh, my God.</i>"
"571","cue","00:27:59,844","00:28:00,970","<i>[Micah] Hey!</i>"
"572","cue","00:28:01,054","00:28:02,639","<i>-[Paul] What up? Made it!</i>
<i>-Howdy.</i>"
"573","cue","00:28:02,722","00:28:05,225","<i>-Did I get a pool party memo?</i>
<i>-How was your day?</i>"
"574","cue","00:28:05,308","00:28:07,644","<i>-I thought we were having a pool party.</i>
<i>-Hi.</i>"
"575","cue","00:28:10,480","00:28:13,108","{\an8}<i>[Zack] I had a talk with Irina</i>
<i>and I just said, like,</i>"
"576","cue","00:28:14,025","00:28:16,528","<i>""I need some, like, investment.""</i>"
"577","cue","00:28:16,611","00:28:17,654","<i>-Sure.</i>
<i>-Right, like…</i>"
"578","cue","00:28:17,737","00:28:19,698","<i>""I need you to be in, right?""</i>"
"579","cue","00:28:19,781","00:28:20,615","{\an8}<i>-Yeah.</i>
<i>-You know?</i>"
"580","cue","00:28:20,699","00:28:24,202","{\an8}<i>""Because you're not in. You've been</i>
<i>one foot out since we started this.""</i>"
"581","cue","00:28:24,285","00:28:26,454","<i>And, uh, she didn't really</i>
<i>give me a response.</i>"
"582","cue","00:28:26,538","00:28:29,374","<i>Really? She kind of, like,</i>
<i>beat around the bush kind of thing?</i>"
"583","cue","00:28:29,457","00:28:31,501","<i>Yeah. I don't know what it is.</i>"
"584","cue","00:28:31,584","00:28:34,879","<i>Would you, if you had the chance,</i>
<i>like, explore things with Bliss?</i>"
"585","cue","00:28:36,840","00:28:37,674","<i>I don't know.</i>"
"586","cue","00:28:37,757","00:28:41,803","<i>I know it's a tough question,</i>
<i>but I feel like it's a genuine potential…</i>"
"587","cue","00:28:41,886","00:28:43,221","<i>[Zack] The thought with Bliss…</i>"
"588","cue","00:28:43,888","00:28:47,058","<i>-She deserves someone who chooses her.</i>
<i>-Sure, yeah, 100%.</i>"
"589","cue","00:28:47,142","00:28:50,478","<i>Damn, dude, that's really respectful.</i>
<i>I respect that.</i>"
"590","cue","00:28:50,562","00:28:52,897","<i>And you know what? I based my decision</i>"
"591","cue","00:28:52,981","00:28:56,109","<i>off of my gut</i>
<i>and what my heart was saying.</i>"
"592","cue","00:28:56,192","00:28:57,360","<i>Yeah.</i>"
"593","cue","00:28:57,444","00:29:00,488","<i>And maybe I made the wrong decision.</i>
<i>Maybe I made the right one. I don't know.</i>"
"594","cue","00:29:00,572","00:29:02,657","<i>-Hmm.</i>
<i>-But it is what it is.</i>"
"595","cue","00:29:02,741","00:29:06,828","<i>Because I know, for me,</i>
<i>I cannot help but continue to look back…</i>"
"596","cue","00:29:06,911","00:29:09,748","<i>-And question my choice with Amber.</i>
<i>-Me too. Me too.</i>"
"597","cue","00:29:09,831","00:29:11,916","<i>I know. I, like…</i>
<i>I've had the same thoughts.</i>"
"598","cue","00:29:12,000","00:29:13,960","<i>-[""Don't Blame My Heart"" plays]</i>
<i>-</i><span style=""style2"">♪ Oh, you got me ♪</i>"
"599","cue","00:29:14,043","00:29:16,337","<i>♪ Going crazy ♪</i>"
"600","cue","00:29:16,421","00:29:20,925","<i>♪ Oh, baby, don't break my heart ♪</i>"
"601","cue","00:29:21,885","00:29:24,137","<i>Yesterday, you know,</i>
<i>obviously, I had a conversation</i>"
"602","cue","00:29:24,220","00:29:26,014","<i>with Micah and blah, blah, blah.</i>"
"603","cue","00:29:26,097","00:29:29,684","<i>It was tough 'cause, like, I should have</i>
<i>been spending that time with Chelsea.</i>"
"604","cue","00:29:29,768","00:29:31,978","<i>-[Brett] Hmm.</i>
<i>-Not with Micah, you know?</i>"
"605","cue","00:29:32,604","00:29:34,355","<i>-Thank you. I appreciate you.</i>
<i>-[Chelsea] Mm!</i>"
"606","cue","00:29:34,439","00:29:38,401","<i>Like, I feel like I wasn't as angry</i>
<i>as I should have been.</i>"
"607","cue","00:29:38,485","00:29:39,569","<i>[laughing]</i>"
"608","cue","00:29:39,652","00:29:44,199","<i>'Cause as soon as she started sugarcoating</i>
<i>her words to me, I calmed down.</i>"
"609","cue","00:29:44,282","00:29:46,409","<i>And she's been doing that since day one.</i>"
"610","cue","00:29:46,493","00:29:48,411","<i>-I didn't know you talked to her.</i>
<i>-[Kwame] I did.</i>"
"611","cue","00:29:48,495","00:29:50,413","<i>-I must have been away for that.</i>
<i>-I saw it.</i>"
"612","cue","00:29:50,497","00:29:51,956","<i>[laughing]</i>"
"613","cue","00:29:52,665","00:29:53,917","<i>""I saw."" [laughs]</i>"
"614","cue","00:29:54,876","00:29:56,961","<i>You are a big representation</i>
<i>of the company you keep.</i>"
"615","cue","00:29:57,045","00:29:58,838","<i>-[Brett] Right.</i>
<i>-She hangs out with Irina.</i>"
"616","cue","00:29:58,922","00:30:00,840","<i>And that's where I fucked up.</i>"
"617","cue","00:30:02,634","00:30:04,969","<i>You're not with Micah.</i>
<i>You're in a relationship with Chelsea.</i>"
"618","cue","00:30:05,970","00:30:09,140","<i>You can easily say, ""Micah, that was</i>
<i>dirty. You shouldn't have said that.""</i>"
"619","cue","00:30:09,224","00:30:11,518","<i>""It is what it is. You do me.</i>
<i>I'm happy in my relationship.""</i>"
"620","cue","00:30:11,601","00:30:15,605","<i>And keep it moving. Like, you don't</i>
<i>have to focus on that, literally, at all.</i>"
"621","cue","00:30:15,688","00:30:19,484","<i>Down to a T, you are right.</i>
<i>It helped us have a moment to realize</i>"
"622","cue","00:30:19,567","00:30:22,529","<i>and focus on, ""Hey, let's take</i>
<i>this shit that has happened.""</i>"
"623","cue","00:30:22,612","00:30:25,740","<i>-[Brett] Mm-hmm.</i>
<i>-""Cleanse it and move the fuck on.""</i>"
"624","cue","00:30:25,824","00:30:29,327","<i>So, I'mma just take Micah,</i>
<i>cleanse it and move the fuck on.</i>"
"625","cue","00:30:29,410","00:30:32,288","<i>-[Brett and Marshall] Yeah.</i>
<i>-Thank you, baby. Thank you so much.</i>"
"626","cue","00:30:34,249","00:30:36,876","<i>-What's up, baby? What's up, baby?</i>
<i>-What's up, baby?</i>"
"627","cue","00:30:36,960","00:30:39,087","<i>[both] Mmm!</i>"
"628","cue","00:30:39,170","00:30:41,005","<i>-[Kwame] Mm!</i>
<i>-[Chelsea] Come on. What's that?</i>"
"629","cue","00:30:41,089","00:30:42,465","<i>[laughs]</i>"
"630","cue","00:30:43,800","00:30:46,261","<i>-There's weird tension with Chelsea and I.</i>
<i>-Yeah. Wait, why?</i>"
"631","cue","00:30:46,344","00:30:48,680","<i>I don't know.</i>
<i>I just, like, feel like it's weird.</i>"
"632","cue","00:30:48,763","00:30:50,306","<i>Okay. [chuckles]</i>"
"633","cue","00:30:50,390","00:30:51,933","<i>I just can't help but feel like there's,</i>"
"634","cue","00:30:52,016","00:30:54,727","<i>like, some sort of, like,</i>
<i>weird overcompensation going on.</i>"
"635","cue","00:30:54,811","00:30:57,230","<i>[Chelsea] I mean,</i>
<i>I love your style, boo-boo.</i>"
"636","cue","00:30:57,313","00:30:58,731","<i>[Kwame] Thanks, baby.</i>"
"637","cue","00:30:58,815","00:31:00,275","<i>They look really happy together.</i>"
"638","cue","00:31:00,358","00:31:03,069","<i>But I don't know. I just feel like</i>
<i>maybe she's jealous. I don't know.</i>"
"639","cue","00:31:03,152","00:31:04,070","<i>There was some stuff.</i>"
"640","cue","00:31:04,153","00:31:07,073","<i>Obviously, you guys had a relationship,</i>
<i>too, that was pretty deep.</i>"
"641","cue","00:31:07,156","00:31:11,786","{\an8}<i>Kwame, tonight, I can tell that he feels</i>
<i>a little bit more reserved from me.</i>"
"642","cue","00:31:11,870","00:31:13,788","<i>Because I think</i>
<i>that him and Chelsea did have,</i>"
"643","cue","00:31:13,872","00:31:16,666","<i>like, some sort of, like,</i>
<i>you know, argument or something.</i>"
"644","cue","00:31:16,749","00:31:18,960","<i>So I can tell that he's</i>
<i>kind of trying to make sure that,</i>"
"645","cue","00:31:19,043","00:31:21,880","<i>like, he keeps his fiancée happy,</i>
<i>which I actually respect.</i>"
"646","cue","00:31:22,463","00:31:25,425","<i>But I do wanna, like,</i>
<i>talk to her and clear the air.</i>"
"647","cue","00:31:25,508","00:31:27,010","<i>'Cause, like, she did know, you know,</i>"
"648","cue","00:31:27,093","00:31:29,679","<i>the extent of Kwame</i>
<i>and I's relationship previously.</i>"
"649","cue","00:31:29,762","00:31:33,057","<i>Hello. Kwame,</i>
<i>can I have a minute with Chelsea?</i>"
"650","cue","00:31:33,141","00:31:34,142","<i>Yeah, sure, dude.</i>"
"651","cue","00:31:34,225","00:31:35,268","<i>Y'all enjoy.</i>"
"652","cue","00:31:35,351","00:31:37,562","<i>Hold on. He was getting</i>
<i>something out of my teeth.</i>"
"653","cue","00:31:37,645","00:31:39,814","<i>-Did I get it?</i>
<i>-Hold on, baby. Um…</i>"
"654","cue","00:31:39,898","00:31:41,816","<i>-Grab that toothpick and dig in.</i>
<i>-I know.</i>"
"655","cue","00:31:41,900","00:31:43,610","<i>-I was going to.</i>
<i>-Can you get it, please?</i>"
"656","cue","00:31:43,693","00:31:46,446","<i>-Uh, now lick your lip, bottom lip.</i>
<i>-Did I get it?</i>"
"657","cue","00:31:46,529","00:31:48,323","<i>-Yes, we're good.</i>
<i>-[chuckles] Jesus.</i>"
"658","cue","00:31:48,406","00:31:49,824","<i>-[Micah] It's perfect.</i>
<i>-Life is good.</i>"
"659","cue","00:31:49,908","00:31:51,659","<i>[laughing]</i>"
"660","cue","00:31:52,410","00:31:54,287","<i>[Micah] I love it.</i>
<i>How are you? You look so cute.</i>"
"661","cue","00:31:54,370","00:31:56,623","<i>[Chelsea] Hi. So do you.</i>
<i>Is this one or a two-piece?</i>"
"662","cue","00:31:56,706","00:32:00,460","<i>It's actually two. This is some random</i>
<i>sports bra I found back in the airport.</i>"
"663","cue","00:32:01,336","00:32:03,338","<i>What? And it just went with this--</i>
<i>is it a skirt?</i>"
"664","cue","00:32:03,421","00:32:05,006","<i>Yeah. It kind of works, right?</i>"
"665","cue","00:32:05,089","00:32:06,591","<i>-How are you guys doing?</i>
<i>-Good.</i>"
"666","cue","00:32:06,674","00:32:09,093","<i>I wanted to check in.</i>
<i>How are things going with you guys?</i>"
"667","cue","00:32:09,177","00:32:12,180","<i>It's going fine.</i>
<i>Yesterday was a little rough.</i>"
"668","cue","00:32:12,263","00:32:13,806","<i>I know. What was going on?</i>"
"669","cue","00:32:14,807","00:32:19,062","<i>I didn't understand what had happened</i>
<i>between you guys, like, with your comment.</i>"
"670","cue","00:32:19,145","00:32:22,065","<i>And that was very activating for him,</i>
<i>for whatever reason.</i>"
"671","cue","00:32:22,148","00:32:24,943","<i>-Yeah.</i>
<i>-And then-- I'm sure you were just joking.</i>"
"672","cue","00:32:25,026","00:32:28,738","<i>Yeah, I honestly was so shocked</i>
<i>at how triggered he got from it.</i>"
"673","cue","00:32:29,238","00:32:31,991","<i>And I think that, like,</i>
<i>it was, like, a misunderstanding</i>"
"674","cue","00:32:32,075","00:32:34,369","<i>of the severity of, like, how,</i>"
"675","cue","00:32:34,452","00:32:36,245","<i>like, upsetting that was.</i>"
"676","cue","00:32:36,329","00:32:37,538","<i>Yeah, I was-- I was shocked.</i>"
"677","cue","00:32:37,622","00:32:39,499","<i>I was obviously</i>
<i>more than happy to clear it up</i>"
"678","cue","00:32:39,582","00:32:41,334","<i>and, like, apologize with him, like--</i>"
"679","cue","00:32:41,417","00:32:42,794","<i>Of course, but then he, like,</i>"
"680","cue","00:32:42,877","00:32:44,879","<i>proceeds to have</i>
<i>a 20-minute conversation with you.</i>"
"681","cue","00:32:44,963","00:32:46,965","<i>-And I had no idea what was going on.</i>
<i>-Right.</i>"
"682","cue","00:32:47,048","00:32:48,633","<i>It was him not setting it up, like,</i>"
"683","cue","00:32:48,716","00:32:50,969","<i>""Chelsea, this is what happened.</i>
<i>It's very important--""</i>"
"684","cue","00:32:51,052","00:32:53,012","<i>-You didn't know why we're talking again?</i>
<i>-No.</i>"
"685","cue","00:32:53,096","00:32:54,430","<i>That makes sense. That'd be weird.</i>"
"686","cue","00:32:54,514","00:32:55,556","<i>Does that make sense?</i>"
"687","cue","00:32:55,640","00:32:57,934","<i>-Yeah, that'd scare me.</i>
<i>-Oh, my God, is it raining?</i>"
"688","cue","00:32:58,017","00:32:59,852","<i>[thunder crashes]</i>"
"689","cue","00:32:59,936","00:33:01,104","<i>[Kwame] Hello!</i>"
"690","cue","00:33:01,187","00:33:02,772","<i>[Paul] Man, we're about to get soaked.</i>"
"691","cue","00:33:02,855","00:33:04,023","<i>[Kwame] For sure!</i>"
"692","cue","00:33:04,524","00:33:07,819","<i>Goddamn, that fucking timing, man.</i>
<i>We were just getting somewhere.</i>"
"693","cue","00:33:07,902","00:33:10,238","<i>The storm just wanted to come in and say,</i>"
"694","cue","00:33:10,321","00:33:13,950","{\an8}<i>""No, you guys cannot</i>
<i>have this conversation right now.""</i>"
"695","cue","00:33:14,033","00:33:15,284","<i>-[shouts]</i>
<i>-[Kwame laughs]</i>"
"696","cue","00:33:15,368","00:33:19,080","<i>[Chelsea] Chelsea has to continue</i>
<i>being the baddie bitch that she is</i>"
"697","cue","00:33:19,163","00:33:22,041","<i>and just roll with life</i>
<i>without the closure.</i>"
"698","cue","00:33:22,542","00:33:25,920","<i>Because she doesn't need it.</i>
<i>I don't, by the way.</i>"
"699","cue","00:33:26,671","00:33:29,298","<i>-[Kwame] Uh, emergency. Abort.</i>
<i>-Oh, shit! [laughs]</i>"
"700","cue","00:33:29,382","00:33:30,675","<i>Oh! [laughs]</i>"
"701","cue","00:33:30,758","00:33:32,510","<i>-Oh!</i>
<i>-[Paul] Love is slightly damp right now.</i>"
"702","cue","00:33:32,593","00:33:35,430","<i>It feels like home.</i>
<i>It feels like home, does it not?</i>"
"703","cue","00:33:35,513","00:33:39,600","<i>-[""Fly with the Thunder"" playing]</i>
<i>-</i><span style=""style2"">♪ Fly, fly with the thunder… ♪</i>"
"704","cue","00:33:39,684","00:33:41,144","<i>[laughing]</i>"
"705","cue","00:33:41,227","00:33:43,062","<i>Yeah! You're the best.</i>"
"706","cue","00:33:44,230","00:33:46,899","<i>♪ To a new day ♪</i>"
"707","cue","00:33:46,983","00:33:48,985","<i>♪ Come fly with me ♪</i>"
"708","cue","00:33:53,364","00:33:56,576","<i>[""I Can Wait"" by Øthers playing]</i>"
"709","cue","00:33:56,659","00:33:58,703","<i>♪ Hard times come around ♪</i>"
"710","cue","00:33:58,786","00:34:01,748","<i>♪ And things can slow you down ♪</i>"
"711","cue","00:34:01,831","00:34:05,043","<i>♪ Just thinking wears you out… ♪</i>"
"712","cue","00:34:05,126","00:34:07,795","<i>-[exhales] Jesus Christ.</i>
<span style=""style2"">{\an8}-</i><i>[laughing]</i>"
"713","cue","00:34:07,879","00:34:09,797","{\an8}<i>-Oh, my God.</i>
<i>-That was nuts.</i>"
"714","cue","00:34:10,590","00:34:13,217","<i>-Yeah, we're literally drenched.</i>
<i>-That is ridiculous.</i>"
"715","cue","00:34:13,301","00:34:16,304","<i>-That was nuts. You should go change.</i>
<i>-All right, yeah, I'm gonna change.</i>"
"716","cue","00:34:16,387","00:34:17,513","<i>[Micah] That was fun, though.</i>"
"717","cue","00:34:19,057","00:34:21,726","<i>Honestly, I do feel bad about,</i>
<i>like, how it ended,</i>"
"718","cue","00:34:21,809","00:34:24,937","<i>'cause I, like, was finally</i>
<i>talking to Chelsea about stuff.</i>"
"719","cue","00:34:25,021","00:34:26,689","<i>So, I feel kind of guilty.</i>"
"720","cue","00:34:26,773","00:34:28,816","<i>[Paul] Well, I only really</i>
<i>got to talk to Zack.</i>"
"721","cue","00:34:28,900","00:34:31,903","<i>-What did you guys talk about?</i>
<i>-Of course, obviously, him and Irina.</i>"
"722","cue","00:34:31,986","00:34:33,946","<i>I asked him a little bit about Bliss.</i>"
"723","cue","00:34:34,030","00:34:38,159","<i>With how he currently feels towards Irina,</i>
<i>like, is that still the right choice?</i>"
"724","cue","00:34:38,242","00:34:41,329","<i>I know that decision</i>
<i>was extremely hard for him.</i>"
"725","cue","00:34:41,412","00:34:42,330","<i>Yeah.</i>"
"726","cue","00:34:43,414","00:34:46,084","<i>How does that put Bliss into the picture?</i>"
"727","cue","00:34:48,878","00:34:53,091","<i>I just understand that mindset</i>
<i>of wondering if you made the right choice.</i>"
"728","cue","00:34:56,511","00:35:00,765","<i>He genuinely does love her, but I think</i>
<i>from what I was hearing from Zack today,</i>"
"729","cue","00:35:00,848","00:35:03,851","<i>like, if they don't get kind of</i>
<i>get on the same page tonight,</i>"
"730","cue","00:35:03,935","00:35:05,978","<i>like, it won't continue.</i>"
"731","cue","00:35:06,062","00:35:08,981","<i>What, he's gonna end it?</i>
<i>I don't understand why he thinks--</i>"
"732","cue","00:35:09,065","00:35:11,651","<i>That's just what I heard.</i>
<i>I'm just saying. I don't know.</i>"
"733","cue","00:35:11,734","00:35:15,947","<i>-[""Wish You Well"" by Club Danger playing]</i>
<i>-</i><span style=""style2"">♪ I wish you well ♪</i>"
"734","cue","00:35:16,030","00:35:20,118","<i>♪ But when karma comes calling for you</i>
<i>I'll be long gone ♪</i>"
"735","cue","00:35:20,201","00:35:23,746","<i>♪ I wish you well ♪</i>"
"736","cue","00:35:23,830","00:35:27,917","{\an8}<i>♪ I'll be over shoulder watching for you</i>
<i>Waiting for the fall ♪</i>"
"737","cue","00:35:41,681","00:35:44,934","<i>Um, I just wanted to let you know,</i>"
"738","cue","00:35:45,601","00:35:49,313","{\an8}<i>um, on the plane ride home tomorrow,</i>
<i>if we get the chance,</i>"
"739","cue","00:35:49,397","00:35:53,151","{\an8}<i>like, I don't think we should sit together</i>
<i>and just have our space.</i>"
"740","cue","00:35:55,236","00:35:56,696","{\an8}<i>I just feel like we're in this hole,</i>"
"741","cue","00:35:56,779","00:36:00,116","{\an8}<i>and we're trying to get out of it</i>
<i>and get out of it, and it's only like--</i>"
"742","cue","00:36:00,199","00:36:03,077","<i>I feel like we're only gonna end up,</i>
<i>like, resenting ourselves.</i>"
"743","cue","00:36:04,745","00:36:06,455","<i>This is supposed</i>
<i>to be our honeymoon phase--</i>"
"744","cue","00:36:06,539","00:36:07,665","<i>And it's been horrible.</i>"
"745","cue","00:36:07,748","00:36:10,418","<i>It's been absolutely horrible.</i>
<i>It's been fucking horrible.</i>"
"746","cue","00:36:10,501","00:36:12,295","<i>That's so bad to say, but it has.</i>"
"747","cue","00:36:12,378","00:36:15,006","<i>Like, me talking to Paul for five minutes,</i>"
"748","cue","00:36:15,506","00:36:18,217","<i>like, I was so inspired</i>
<i>and excited about our conversation.</i>"
"749","cue","00:36:18,301","00:36:20,803","<i>Like, ""Why haven't I had one</i>
<i>of these conversations with Zack?""</i>"
"750","cue","00:36:23,389","00:36:25,266","<i>Yeah, I think we're on the same page.</i>"
"751","cue","00:36:25,349","00:36:27,393","<i>I, uh, I think we should call it.</i>"
"752","cue","00:36:27,476","00:36:29,270","<i>I don't think it's gonna work out.</i>"
"753","cue","00:36:34,066","00:36:35,026","<i>Okay.</i>"
"754","cue","00:36:39,447","00:36:41,699","<i>It sucks.</i>
<i>I do think, like, you're a really--</i>"
"755","cue","00:36:41,782","00:36:45,119","<i>-No, and I think we can be good friends--</i>
<i>-I'm not done talking.</i>"
"756","cue","00:36:46,454","00:36:49,624","<i>I still know that, like,</i>
<i>you're one of the best people that I met.</i>"
"757","cue","00:36:50,750","00:36:53,002","<i>I loved, like, our second day talking.</i>"
"758","cue","00:36:53,085","00:36:56,422","<i>Like, my heart</i>
<i>just was like, ""Oh, my gosh.""</i>"
"759","cue","00:36:56,505","00:37:00,676","<i>Like, your story about your life,</i>
<i>like, who you were…</i>"
"760","cue","00:37:00,760","00:37:04,305","<i>Yeah, you're really dorky. To be honest,</i>
<i>you're a big dork, but I loved it.</i>"
"761","cue","00:37:04,388","00:37:06,766","<i>Like, ""Oh, he's just him.</i>
<i>He doesn't care what anyone thinks.""</i>"
"762","cue","00:37:06,849","00:37:08,100","<i>That's what I loved about you.</i>"
"763","cue","00:37:08,184","00:37:11,604","<i>And like, I just hope you know,</i>
<i>like, I don't have any regrets.</i>"
"764","cue","00:37:11,687","00:37:13,940","<i>Yeah, I think logically</i>
<i>that doesn't make any sense at all.</i>"
"765","cue","00:37:14,023","00:37:16,776","<i>-You wanna know what my theory is?</i>
<i>-No.</i>"
"766","cue","00:37:18,569","00:37:19,987","<i>I'm not gonna pinpoint and be like,</i>"
"767","cue","00:37:20,071","00:37:22,782","<i>""Oh, you did this.</i>
<i>You shaved your arms and legs.""</i>"
"768","cue","00:37:22,865","00:37:26,953","<i>[laughing] I'm not gonna point out things,</i>
<i>like, I don't like about you.</i>"
"769","cue","00:37:27,036","00:37:29,372","<i>I'm not gonna do that.</i>
<i>Look, you don't deserve it.</i>"
"770","cue","00:37:29,455","00:37:30,873","<i>-Like, you're a great guy.</i>
<i>-Sure.</i>"
"771","cue","00:37:30,957","00:37:34,085","<i>I feel bad 'cause I feel like</i>
<i>I showed up, like, really bad for you too.</i>"
"772","cue","00:37:34,168","00:37:36,087","<i>Like, you got the worst part.</i>
<i>This is like--</i>"
"773","cue","00:37:36,170","00:37:38,798","<i>I've never, like,</i>
<i>made anyone feel this way.</i>"
"774","cue","00:37:38,881","00:37:40,341","<i>I'm literally treating you so poorly.</i>"
"775","cue","00:37:40,424","00:37:43,511","<i>Like, I know it. Like, I won't even,</i>
<i>like, look at you, like, touch you.</i>"
"776","cue","00:37:43,594","00:37:45,471","<i>You talk to me, and I literally look away.</i>"
"777","cue","00:37:45,554","00:37:47,765","<i>Like, I'm a complete jerk to you,</i>
<i>and I know that.</i>"
"778","cue","00:37:47,848","00:37:50,101","<i>And I'm like, you don't deserve that.</i>"
"779","cue","00:37:50,184","00:37:53,187","<i>Like, I literally, honestly think</i>
<i>about Bliss. I think about, like,</i>"
"780","cue","00:37:53,271","00:37:56,315","<i>fuck, like, I hope you get a chance</i>
<i>to see her when you go back to Seattle.</i>"
"781","cue","00:37:56,399","00:37:58,234","<i>Like, I really hope you do, and, like…</i>"
"782","cue","00:37:59,318","00:38:02,822","<i>Just 'cause it didn't work out with me,</i>
<i>like, maybe she was the one.</i>"
"783","cue","00:38:02,905","00:38:04,657","<i>Like, maybe you did get the wrong choice,</i>"
"784","cue","00:38:04,740","00:38:07,159","<i>and, like, I'm so glad that we did try,</i>
<i>and, like--</i>"
"785","cue","00:38:07,243","00:38:10,288","<i>I don't know how hard</i>
<i>you tried, but… [laughing]</i>"
"786","cue","00:38:10,955","00:38:13,332","<i>It's been absolutely horrible sleeping</i>
<i>in this bed with you.</i>"
"787","cue","00:38:13,416","00:38:16,502","<i>Okay, really, shut up.</i>
<i>Do not be so fucking dramatic.</i>"
"788","cue","00:38:16,585","00:38:19,922","<i>It's been horrible!</i>
<i>We are like a married couple</i>"
"789","cue","00:38:20,006","00:38:23,175","<i>that's been together for ten years</i>
<i>and hates each other.</i>"
"790","cue","00:38:23,259","00:38:25,636","<i>I mean, we both lay</i>
<i>on the opposite side of the bed.</i>"
"791","cue","00:38:25,720","00:38:27,722","<i>[laughs] Yeah,</i>
<i>that's when I started to like it.</i>"
"792","cue","00:38:27,805","00:38:29,890","<i>It's fucking horrible.</i>"
"793","cue","00:38:30,683","00:38:34,312","<i>It does suck, um,</i>
<i>because I came here looking for a wife.</i>"
"794","cue","00:38:34,395","00:38:39,066","{\an8}<i>And there were two women that,</i>
<i>you know, I could have seen myself with.</i>"
"795","cue","00:38:39,150","00:38:43,362","<i>And I chose the one that,</i>
<i>at the time, I felt in my gut,</i>"
"796","cue","00:38:43,446","00:38:45,281","<i>and, uh, it didn't work out.</i>"
"797","cue","00:38:45,823","00:38:48,034","<i>It's a real weird breakup, honestly.</i>"
"798","cue","00:38:48,743","00:38:49,827","<i>[Irina exhales]</i>"
"799","cue","00:38:50,828","00:38:55,541","<i>Maybe I made the wrong choice,</i>
<i>but I made the choice that I made.</i>"
"800","cue","00:38:56,250","00:38:58,961","<i>So, that's the situation that I'm in.</i>"
"801","cue","00:38:59,962","00:39:03,299","<i>[Irina exhales] I just think it's fun--</i>
<i>I mean, honestly, I knew--</i>"
"802","cue","00:39:03,382","00:39:05,843","<i>I was surprised</i>
<i>that you were still, like, hanging on.</i>"
"803","cue","00:39:05,926","00:39:09,180","<i>I was like, I've, like,</i>
<i>given you every reason to forget it,</i>"
"804","cue","00:39:09,263","00:39:10,890","<i>and I was, ""Man, he's really trying.""</i>"
"805","cue","00:39:10,973","00:39:14,185","<i>I was gonna leave you on day three,</i>
<i>but I thought that'd be fucked up.</i>"
"806","cue","00:39:14,268","00:39:17,229","<i>[laughs] I was gonna leave you</i>
<i>right after I saw you.</i>"
"807","cue","00:39:17,313","00:39:20,566","<i>-But I stayed and gave it a chance.</i>
<i>-[laughing]</i>"
"808","cue","00:39:20,649","00:39:22,526","<i>-[chuckles]</i>
<i>-That's how it goes.</i>"
"809","cue","00:39:22,610","00:39:24,487","<i>-[Irina] Hmm.</i>
<i>-[spits]</i>"
"810","cue","00:39:24,570","00:39:26,822","<i>-[water running]</i>
<i>-[Irina] Do you, like, I don't know…</i>"
"811","cue","00:39:26,906","00:39:28,449","<i>What do you feel about Bliss? [slurps]</i>"
"812","cue","00:39:30,451","00:39:31,327","<i>I don't know.</i>"
"813","cue","00:39:31,410","00:39:33,537","<i>Like, being with me,</i>
<i>does it have you think about her?</i>"
"814","cue","00:39:33,621","00:39:34,914","<i>Like, I won't be hurt.</i>"
"815","cue","00:39:34,997","00:39:37,541","<i>Honestly, I was thinking</i>
<i>about her the whole time we were together.</i>"
"816","cue","00:39:37,625","00:39:39,919","<i>[laughing] Fuck.</i>"
"817","cue","00:39:40,002","00:39:42,546","<i>-That's so rude.</i>
<i>-I mean, I'm just being real.</i>"
"818","cue","00:39:42,630","00:39:44,465","<i>You know what?</i>
<i>I thought about someone else too.</i>"
"819","cue","00:39:44,548","00:39:45,508","<i>I'm sure.</i>"
"820","cue","00:39:46,300","00:39:49,470","<i>-He's, uh, with your best friend.</i>
<i>-I know, but…</i>"
"821","cue","00:39:50,388","00:39:52,890","<i>-[laughing]</i>
<i>-The one that got away, you know.</i>"
"822","cue","00:39:52,973","00:39:55,684","<i>-[""We All Fall Down"" playing]</i>
<span style=""style2"">-♪ You know we're damaged ♪</i>"
"823","cue","00:39:55,768","00:39:57,645","<i>♪ And we're dangerous</i><span style=""style1"">…</i><i> ♪</i>"
"824","cue","00:39:57,728","00:39:59,522","<i>You should have picked Paul. [laughing]</i>"
"825","cue","00:40:00,147","00:40:01,857","<i>I realize that after talking to him.</i>"
"826","cue","00:40:01,941","00:40:04,068","<i>This is, like, the realest conversation</i>
<i>I've ever had.</i>"
"827","cue","00:40:04,151","00:40:06,028","<i>I'm not blind. Like, I could see it.</i>"
"828","cue","00:40:06,112","00:40:10,199","<i>I know, but, like, I thought</i>
<i>about him a lot and our conversations.</i>"
"829","cue","00:40:10,825","00:40:12,660","<i>And then seeing him yesterday, like,</i>"
"830","cue","00:40:12,743","00:40:15,788","<i>I literally could not sleep,</i>
<i>like, all night. I really like him.</i>"
"831","cue","00:40:18,249","00:40:20,251","<i>I know that, like, Micah really likes him,</i>"
"832","cue","00:40:20,334","00:40:22,878","<i>and, like, they have</i>
<i>a really good relationship together.</i>"
"833","cue","00:40:22,962","00:40:24,422","<i>-[Zack laughs]</i>
<i>-She's my best friend.</i>"
"834","cue","00:40:24,505","00:40:26,966","<i>That's so fucked up, you know. [chuckles]</i>"
"835","cue","00:40:27,049","00:40:30,845","<i>[laughing] You're just gonna be</i>
<i>breaking up all the relationships.</i>"
"836","cue","00:40:30,928","00:40:33,139","<i>""Here comes Irina! Here comes Irina!""</i>"
"837","cue","00:40:33,222","00:40:35,307","<i>[laughing]</i>"
"838","cue","00:40:37,309","00:40:42,314","<i>♪ Ashes to ashes ♪</i>"
"839","cue","00:40:42,398","00:40:44,900","<i>♪ We all fall down ♪</i>"
"840","cue","00:40:45,818","00:40:48,487","<i>[Kwame] I saw that you and Micah</i>
<i>started getting a chat in.</i>"
"841","cue","00:40:48,571","00:40:51,240","{\an8}<i>-How was that going?</i>
<i>-She was…</i>"
"842","cue","00:40:51,323","00:40:53,701","{\an8}<i>-Approached me to have a chat.</i>
<i>-Mm-hmm.</i>"
"843","cue","00:40:53,784","00:40:56,954","<i>-And it seemed respectful and genuine.</i>
<i>-Mm-hmm.</i>"
"844","cue","00:40:57,037","00:40:59,123","<i>-And then… boom!</i>
<i>-[laughing]</i>"
"845","cue","00:40:59,206","00:41:00,583","<i>Torrential downpour.</i>"
"846","cue","00:41:02,084","00:41:05,337","{\an8}<i>I actually appreciate her coming over</i>
<i>and asking you to talk</i>"
"847","cue","00:41:05,421","00:41:10,009","{\an8}<i>and trying to kind of dive into things</i>
<i>as opposed to asking me to talk.</i>"
"848","cue","00:41:10,092","00:41:11,510","<i>-Right? Yeah.</i>
<i>-Oh, yeah.</i>"
"849","cue","00:41:11,594","00:41:14,013","<i>Which couples do you think</i>
<i>are gonna survive when we go home?</i>"
"850","cue","00:41:14,096","00:41:17,349","<i>I mean, million-dollar question,</i>
<i>million-dollar answer.</i>"
"851","cue","00:41:17,433","00:41:18,267","<i>I know.</i>"
"852","cue","00:41:18,350","00:41:21,228","<i>Brett and Tiff,</i>
<i>I think they're gonna survive.</i>"
"853","cue","00:41:21,729","00:41:23,397","<i>I just have so much hope in them.</i>"
"854","cue","00:41:23,481","00:41:27,067","<i>My goodness, if Brett and Tiff</i>
<i>don't make it, it will eat me alive.</i>"
"855","cue","00:41:27,151","00:41:29,111","<i>-I know.</i>
<i>-It will kill me. [laughs]</i>"
"856","cue","00:41:29,195","00:41:31,071","<i>-I will die. Yes.</i>
<i>-Everybody. Everybody.</i>"
"857","cue","00:41:31,155","00:41:32,990","<i>I will die of an aneurysm.</i>"
"858","cue","00:41:33,073","00:41:34,241","<i>-[laughing]</i>
<i>-Everybody--</i>"
"859","cue","00:41:34,325","00:41:37,453","<i>-Please don't do that. [chuckles]</i>
<i>-Okay, I won't, baby.</i>"
"860","cue","00:41:37,536","00:41:39,872","<i>You know, Chelsea and Kwame.</i>"
"861","cue","00:41:39,955","00:41:42,291","<i>You know, if they don't make it,</i>"
"862","cue","00:41:42,875","00:41:46,128","<i>then I probably will die of an aneurysm.</i>
<i>I don't know… [laughing]</i>"
"863","cue","00:41:46,212","00:41:48,589","<i>-Me too. [laughing]</i>
<i>-[laughing]</i>"
"864","cue","00:41:48,672","00:41:51,175","<i>-At that point, go ahead.</i>
<i>-At that point, take me!</i>"
"865","cue","00:41:51,258","00:41:54,386","<i>-Sure.</i>
<i>-[laughing]</i>"
"866","cue","00:41:54,470","00:41:57,389","<i>Irina and Zack could be doing</i>
<i>the best in the world…</i>"
"867","cue","00:41:57,473","00:41:59,183","<i>-And we don't know.</i>
<i>-And we wouldn't know.</i>"
"868","cue","00:41:59,266","00:42:01,519","<i>-I know. You think they are, though?</i>
<i>-No.</i>"
"869","cue","00:42:01,602","00:42:04,855","<i>[laughing]</i>"
"870","cue","00:42:05,648","00:42:07,691","<i>I can't stand that dude.</i>"
"871","cue","00:42:10,778","00:42:12,446","<i>Hey, I like him.</i>"
"872","cue","00:42:12,530","00:42:16,659","<i>Can we talk about Irina instead?</i>
<i>I like Zack, okay?</i>"
"873","cue","00:42:16,742","00:42:18,536","<i>What about Micah and Paul?</i>"
"874","cue","00:42:21,789","00:42:22,915","<i>I don't know.</i>"
"875","cue","00:42:23,666","00:42:25,042","<i>Actually, don't know.</i>"
"876","cue","00:42:25,125","00:42:28,087","<i>I want to get more time talking to Paul.</i>"
"877","cue","00:42:28,796","00:42:31,882","<i>I've talked to Micah longer than</i>
<i>to Paul since we've gotten to Mexico.</i>"
"878","cue","00:42:31,966","00:42:34,760","<i>-Yeah, we know.</i>
<i>-[laughing]</i>"
"879","cue","00:42:37,513","00:42:39,682","<i>Don't do that. [laughing]</i>"
"880","cue","00:42:40,516","00:42:43,769","<i>-Stating the obvious, then I'm gonna…</i>
<i>-[laughing]</i>"
"881","cue","00:42:44,353","00:42:45,646","<i>We all know Paul's gonna be like…</i>"
"882","cue","00:42:45,729","00:42:47,022","<i>[imitates Paul] ""It's cool, man.""</i>"
"883","cue","00:42:47,106","00:42:48,566","<i>[laughing]</i>"
"884","cue","00:42:49,984","00:42:52,528","<i>Girl, you are so funny.</i>
<i>You're my favorite comedian.</i>"
"885","cue","00:42:52,611","00:42:54,029","<i>[chuckles]</i>"
"886","cue","00:42:55,114","00:42:57,533","<i>But so,</i>
<i>are you feeling okay after tonight?</i>"
"887","cue","00:42:57,616","00:43:01,453","<i>I think it was, like,</i>
<i>a little bit of a test for me tonight.</i>"
"888","cue","00:43:01,537","00:43:05,958","<i>But we're gonna get influenced</i>
<i>by people who might not be for us.</i>"
"889","cue","00:43:06,041","00:43:08,919","<i>-Yeah.</i>
<i>-Or might not understand our relationship.</i>"
"890","cue","00:43:09,545","00:43:12,131","<i>-We're gonna have negativity. We are.</i>
<i>-Okay.</i>"
"891","cue","00:43:12,715","00:43:14,174","<i>And it's up to us to handle it.</i>"
"892","cue","00:43:14,258","00:43:16,051","<i>The tests are coming from both our sides.</i>"
"893","cue","00:43:16,135","00:43:18,304","<i>Your family, my family,</i>
<i>your friends, my friends.</i>"
"894","cue","00:43:18,387","00:43:21,432","<i>The best way to maybe move forward</i>
<i>when it comes to</i>"
"895","cue","00:43:22,016","00:43:25,185","<i>situations surrounding us is</i>
<i>to make sure that we both get involved.</i>"
"896","cue","00:43:25,269","00:43:29,148","<i>We've gotta constantly make sure</i>
<i>that we are… we have each other's back.</i>"
"897","cue","00:43:29,231","00:43:31,817","<i>-I'm always gonna be there for you.</i>
<i>-We'll be together.</i>"
"898","cue","00:43:32,651","00:43:34,570","<i>One step closer to our new life.</i>"
"899","cue","00:43:35,154","00:43:36,071","<i>Love you.</i>"
"900","cue","00:43:37,239","00:43:38,157","<i>I love you too.</i>"
"901","cue","00:43:38,824","00:43:43,037","<i>-[""forever"" by moonstalker playing]</i>
<i>-</i><span style=""style2"">♪ Make this last forever ♪</i>"
"902","cue","00:44:05,851","00:44:06,727","<i>Thank you.</i>"
"903","cue","00:44:21,283","00:44:22,117","<i>[Bliss] Zack?</i>"
"904","cue","00:44:26,914","00:44:27,831","<i>-Hey.</i>
<i>-Hi.</i>"
"905","cue","00:44:28,332","00:44:30,125","<i>-Nice to meet you.</i>
<i>-[Bliss] You too.</i>"
"906","cue","00:44:31,919","00:44:32,878","<i>How are you?</i>"
"907","cue","00:44:33,587","00:44:34,880","<i>-Good.</i>
<i>-[Bliss] Good?</i>"
"908","cue","00:44:37,549","00:44:39,385","<i>Well, um…</i>"
"909","cue","00:44:39,468","00:44:41,345","<i>[pensive music plays]</i>"
"910","cue","00:44:43,389","00:44:44,807","<i>I made the wrong choice.</i>"
"911","cue","00:44:46,100","00:44:47,351","<i>[exhales deeply]</i>"
"912","cue","00:44:53,982","00:44:55,943","<i>You know I did, and I do too.</i>"
"913","cue","00:44:59,154","00:44:59,988","<i>[Tiffany] I'm ready!</i>"
"914","cue","00:45:01,198","00:45:05,327","<i>I love being this happy.</i>
<i>I love being this head over heels.</i>"
"915","cue","00:45:07,246","00:45:10,749","<i>And when I go to sleep at night,</i>
<i>that feeling doesn't fade.</i>"
"916","cue","00:45:10,833","00:45:12,334","<i>Oh, my gosh.</i>"
"917","cue","00:45:13,210","00:45:15,879","<i>When I wake up in the morning,</i>
<i>that feeling doesn't fade.</i>"
"918","cue","00:45:15,963","00:45:19,383","<i>Is that pancakes?</i>
<i>Wow, I feel like I'm in a restaurant.</i>"
"919","cue","00:45:19,466","00:45:20,384","<i>Thank you.</i>"
"920","cue","00:45:20,467","00:45:22,803","<i>[Tiffany] That's what love</i>
<i>should feel like.</i>"
"921","cue","00:45:22,886","00:45:25,180","<i>-Do you like me?</i>
<i>-[laughing]</i>"
"922","cue","00:45:25,264","00:45:27,391","<i>[Jackelina] Through the hard time</i>
<i>and the good time.</i>"
"923","cue","00:45:27,474","00:45:30,602","<i>I could just feel the aura coming off</i>
<i>of this one, even through the wall.</i>"
"924","cue","00:45:32,771","00:45:36,442","<i>[Paul] I love Micah immensely,</i>
<i>and I do want her the rest of my life.</i>"
"925","cue","00:45:36,525","00:45:38,777","<i>I haven't told you anything,</i>
<i>but we're engaged.</i>"
"926","cue","00:45:38,861","00:45:40,696","<i>-[gasps] Micah!</i>
<i>-[laughing]</i>"
"927","cue","00:45:41,613","00:45:44,992","<i>You didn't wanna sit here and talk.</i>
<i>You're like, ""I'm leaving.""</i>"
"928","cue","00:45:45,075","00:45:46,827","<i>What am I supposed to do?</i>
<i>Sit in my feelings</i>"
"929","cue","00:45:46,910","00:45:49,580","<i>and sleep next to someone</i>
<i>who said I was not man enough for this?</i>"
"930","cue","00:45:49,663","00:45:50,539","<i>We don't have sex.</i>"
"931","cue","00:45:51,165","00:45:54,251","<i>Me seeing Paul, honestly, I was</i>
<i>way more attracted to him than to Zack.</i>"
"932","cue","00:45:54,334","00:45:57,337","<i>Do you, like, still have these,</i>
<i>like, unresolved feelings for him?</i>"
"933","cue","00:45:57,421","00:45:59,131","<i>I did feel romance with Paul.</i>"
"934","cue","00:46:00,174","00:46:02,301","<i>[Micah] It kind of, like,</i>
<i>put, like, doubt in my head</i>"
"935","cue","00:46:02,384","00:46:04,720","<i>about, um, like, where we're at.</i>"
"936","cue","00:46:05,596","00:46:09,767","<i>And I'm not sacrificing what I want,</i>
<i>but I am compromising.</i>"
"937","cue","00:46:09,850","00:46:11,143","<i>Welcome to marriage.</i>"
"938","cue","00:46:12,561","00:46:13,395","<i>Okay.</i>"
"939","cue","00:46:13,479","00:46:15,230","<i>Do you wanna settle down?</i>"
"940","cue","00:46:17,733","00:46:19,818","<i>I know where you live,</i>
<i>and I'mma come find you.</i>"
"941","cue","00:46:20,611","00:46:24,156","<i>[woman] You're meant to have the best</i>
<i>wedding of your life, and this isn't it.</i>"
"942","cue","00:46:26,241","00:46:27,284","<i>This isn't it.</i>"
"943","cue","00:46:28,118","00:46:31,413","<i>I think about you. I worry about you.</i>
<i>I'm hoping that you're happy.</i>"
"944","cue","00:46:31,497","00:46:33,332","<i>Do you think</i>
<i>that you made the right choice?</i>"
"945","cue","00:46:35,667","00:46:37,336","<i>Do you feel like you're questioning?</i>"
"946","cue","00:46:37,419","00:46:38,796","<i>[laughing]</i>"
"947","cue","00:46:40,714","00:46:43,383","<i>[Josh] If you don't feel like</i>
<i>heart-to-heart you're gonna marry him,</i>"
"948","cue","00:46:44,176","00:46:45,010","<i>pick me.</i>"
"949","cue","00:46:45,511","00:46:48,263","<i>[pop music playing]</i>"
"950","cue","00:46:49,973","00:46:52,518","<i>[officiant] Now is the time</i>
<i>to decide if love is blind.</i>"
"951","cue","00:46:52,601","00:46:54,937","<i>[panting]</i>"
"952","cue","00:46:55,020","00:46:56,897","<i>[Brett] This should be a day</i>
<i>of no surprises.</i>"
"953","cue","00:46:57,856","00:46:59,733","<i>This should not happen.</i>"
"954","cue","00:46:59,817","00:47:02,945","<i>[""Caught in the Crossfire""</i>
<i>by Tom Evans and Markus Hughes playing]</i>"
"955","cue","00:47:03,028","00:47:07,699","<i>♪ We're caught in the crossfire ♪</i>"
"956","cue","00:47:08,200","00:47:12,955","<i>♪ Fighting the flames ♪</i>"
"957","cue","00:47:13,038","00:47:18,961","<i>♪ We're caught in the crossfire ♪</i>"
"958","cue","00:47:19,044","00:47:22,965","<i>♪ Keep from the flames ♪</i>"
